(-0.077732706828368012,-0.023940400453736851)
(-0.077719987269866481,-0.001068693810470384)
(-0.071506138969084115,0.021984152748869563)
(-0.059417361903195826,0.043069200119109197)
(-0.042443661720266201,0.060137111991780706)
(-0.022149448215907270,0.071509707416845092)
(-0.000496205692811960,0.076095078623924034)
(0.020388474936877177,0.073518362457247716)
(0.038458082638877962,0.064157181797507290)
(0.051976402822972737,0.049085451107964882)
(0.059701790281584989,0.029940169672331311)
(0.061008554207770530,0.008732685255182965)
(0.055936735425347175,-0.012370891667700366)
(0.045169967084728022,-0.031275188596923860)
(0.029948195188618295,-0.046164007359084838)
(0.011927592893669875,-0.055672277465691138)
(-0.006996026546318757,-0.059006816809758070)
(-0.024881632529577809,-0.056006681956443961)
(-0.039935841743341152,-0.047139815720877623)
(-0.050685736177657405,-0.033438670465826680)
(-0.056115616044118369,-0.016383060877113761)
(-0.055755520243672169,0.002256785261386921)
(-0.049714258125978343,0.020600588175551889)
(-0.038655218839779369,0.036843604006231739)
(-0.023718823417625750,0.049429262999926185)
(-0.006400600039498113,0.057192479566275184)
(0.011602019986689655,0.059460633731040005)
(0.028558374315969828,0.056103800594458603)
(0.042871835848226361,0.047531076897041002)
(0.053229451913460804,0.034635257426631934)
(0.058719982505888224,0.018693090774469998)
(0.058909921930624165,0.001232404116137382)
(0.053871548247328940,-0.016119841338144914)
(0.044161922899371514,-0.031793239098681626)
(0.030756554985338358,-0.044418344901595672)
(0.014945679770698385,-0.052946533622476893)
(-0.001795612858428736,-0.056735001419723201)
(-0.017950105617206467,-0.055590428636768781)
(-0.032100054558301110,-0.049769073694424071)
(-0.043054366333270436,-0.039935319060627389)
(-0.049949981464297084,-0.027084523968804158)
(-0.052319015800804426,-0.012439106212764083)
(-0.050116802766455339,0.002671176297580360)
(-0.043709861669405450,0.016932883348312916)
(-0.033826608505753780,0.029164914352027581)
(-0.021476970692496718,0.038416682682693076)
(-0.007849672872187000,0.044040475527603165)
(0.005802379744428755,0.045732888721189052)
(0.018277587252347630,0.043543382249263962)
(0.028531423643541082,0.037851138099750881)
(0.035763303773538688,0.029314221413624154)
(0.039477539924238705,0.018797303192990809)
(0.039514084516687017,0.007285724644586491)
(0.036047712070176222,-0.004205620275164471)
(0.029557216043942285,-0.014720239960543974)
(0.020768819883780473,-0.023437378601390436)
(0.010580105192029976,-0.029732763317880752)
(-0.000027816628107306,-0.033218715392114864)
(-0.010081507948614907,-0.033761697971540286)
(-0.018701529313663191,-0.031477487031194351)
(-0.025176481442998444,-0.026706065102929083)
(-0.029018818715994755,-0.019969891829873437)
(-0.029998386751501412,-0.011920294843612140)
(-0.028151784850918616,-0.003277297059459968)
(-0.079151680447207051,-0.021843521076188116)
(-0.077392167927361907,0.000963900654768632)
(-0.069680462714919469,0.023248043172722659)
(-0.056594394738926232,0.043084278224888681)
(-0.039250280905606193,0.058702861390807659)
(-0.019215626425826155,0.068701062595636214)
(0.001645174181269490,0.072212861657117877)
(0.021367679682522858,0.069012599416537840)
(0.038098120917252218,0.059541251251933339)
(0.050290157359423368,0.044855704864185490)
(0.056864334344028100,0.026511054847426201)
(0.057313591084151606,0.006392758914280174)
(0.051745742106635968,-0.013480574859549042)
(0.040861328432276522,-0.031161730981931257)
(0.025871943568718338,-0.044965692219577261)
(0.008369667031493035,-0.053628402438982911)
(-0.009837664492062862,-0.056419299271887775)
(-0.026908096000187839,-0.053198486347906734)
(-0.041145973071937667,-0.044414989903379561)
(-0.051163770001369388,-0.031048197525601832)
(-0.056010249633649228,-0.014499851881195357)
(-0.055253489365760050,0.003551575693679981)
(-0.049011906603198208,0.021319069852828453)
(-0.037931570570518006,0.037081021075461559)
(-0.023113300238562558,0.049344070961973005)
(-0.005997812442146510,0.056979543532633528)
(0.011778963343289296,0.059321163942095544)
(0.028545712792521279,0.056215892796454073)
(0.042754948502165560,0.048024502942650836)
(0.053126353467053744,0.035573494589312998)
(0.058760988091302223,0.020064581312080339)
(0.059216309990188752,0.002951834365384618)
(0.054536045569818350,-0.014200705461057856)
(0.045233479447852817,-0.029866771480635591)
(0.032231231338080028,-0.042696854434876343)
(0.016764631235057639,-0.051635728438451663)
(0.000259008670581305,-0.056008396635262747)
(-0.015806694741779745,-0.055567757644283892)
(-0.030036752744130982,-0.050501194811448581)
(-0.041243148284491452,-0.041397268577029966)
(-0.048546613315795420,-0.029177362351860477)
(-0.051445727066324831,-0.015000159542120126)
(-0.049848904569084723,-0.000148959779182708)
(-0.044067768044615895,0.014087077330443495)
(-0.034774035753917520,0.026526686208576667)
(-0.022925345353759723,0.036195216114917966)
(-0.009668061595106962,0.042400203446822479)
(0.003773113021094628,0.044778235832133584)
(0.016208123940199250,0.043310465566931369)
(0.026586774850697870,0.038307113845772088)
(0.034086959858286123,0.030364075712866583)
(0.038178669665246225,0.020297045898945241)
(0.038659045992573179,0.009060254765844393)
(0.035656588910401847,-0.002342178240535374)
(0.029605487413411090,-0.012944130197194700)
(0.021193683206313069,-0.021897057774115092)
(0.011290464958622629,-0.028534966108314248)
(0.000860952448103633,-0.032420150317283535)
(-0.009124339870541955,-0.033367073519072671)
(-0.017776607697346566,-0.031443800986015805)
(-0.024364948006285560,-0.026952354805264377)
(-0.028375359584281522,-0.020391024574174934)
(-0.029548068861170961,-0.012402944653862994)
(-0.027890795399680892,-0.003716052460029575)
(-0.079434881158698276,-0.019106779831035644)
(-0.076056640435594070,0.003447695885669805)
(-0.066963261006856040,0.024890596739135785)
(-0.052936846321172654,0.043471824641025669)
(-0.035206979435296062,0.057645778145337917)
(-0.015358691019252552,0.066239620416420383)
(0.004809798960358072,0.068586244515424749)
(0.023461203740902350,0.064602925359932617)
(0.038902687518740514,0.054805602525601710)
(0.049756071543237065,0.040257980489930414)
(0.055094928096403636,0.022462811560645609)
(0.054533831822208070,0.003209013930066819)
(0.048261274577876559,-0.015607694894250072)
(0.037014283265898361,-0.032171229672012566)
(0.021998922053085970,-0.044919576849469962)
(0.004766104423280245,-0.052690340921264088)
(-0.012943864695252959,-0.054824074685805482)
(-0.029372074325238806,-0.051216659717877908)
(-0.042910239914534236,-0.042317167177812059)
(-0.052252151444084918,-0.029072912292256513)
(-0.056513232582523762,-0.012828362789576241)
(-0.055307488023706747,0.004811255936462819)
(-0.048775423727894229,0.022137762672600245)
(-0.037561344721515469,0.037503672038070521)
(-0.022743304490599348,0.049476002183382412)
(-0.005723431382174301,0.056965915328704229)
(0.011910032876808243,0.059322579022105928)
(0.028535214614153058,0.056383389453785709)
(0.042648797582053102,0.048477097402138861)
(0.053003520933830268,0.036380971389754060)
(0.058718376290281177,0.021237464813594138)
(0.059351846376521009,0.004439509721742927)
(0.054932318235744557,-0.012503791778360255)
(0.045944037579982160,-0.028107884740129752)
(0.033271222718189344,-0.041046584071496896)
(0.018106816344990461,-0.050266858528011694)
(0.001835465166581773,-0.055074692574757035)
(-0.014097588488799360,-0.055185239475357653)
(-0.028319102620084864,-0.050734078159564620)
(-0.039649620950801649,-0.042250122535216268)
(-0.047203593494445202,-0.030594244773542709)
(-0.050459381072126157,-0.016870643372104921)
(-0.049293789807923254,-0.002320160674283013)
(-0.043979254245099325,0.011794029885859904)
(-0.035145295881609431,0.024297752570022861)
(-0.023709099781273488,0.034204350942657238)
(-0.010782689874719118,0.040792227864319353)
(0.002433975051699355,0.043655535512271942)
(0.014763752486715786,0.042724860274317690)
(0.025156745455844103,0.038257594594298852)
(0.032779228051763441,0.030800400363692273)
(0.037079664494457001,0.021128506968225141)
(0.037826792105652637,0.010168362385492820)
(0.035117463231442402,-0.001088756983790559)
(0.029354754853907757,-0.011674225888094539)
(0.021199499869473060,-0.020723063860039859)
(0.011500641248085140,-0.027541883851371435)
(0.001211477168409492,-0.031658757937640079)
(-0.008700169635902090,-0.032851817825193141)
(-0.017339614602889044,-0.031155410895611323)
(-0.023963090116504906,-0.026844597403017027)
(-0.028039109551166938,-0.020400534286437982)
(-0.029288594485797778,-0.012460711076103012)
(-0.027701002093677863,-0.003758990160550538)
(-0.078589711189798697,-0.015290923666398171)
(-0.073592086723314534,0.006760537534539710)
(-0.063150009531678125,0.027187210553312229)
(-0.048210160403690215,0.044391806660484555)
(-0.030096761347561587,0.057021989530445946)
(-0.010412746415116185,0.064105933272115043)
(0.009096266061908711,0.065155896143514677)
(0.026700481095505126,0.060224986269224463)
(0.040848726291623956,0.049908973403339510)
(0.050316819441172188,0.035292311612435540)
(0.054324837030452794,0.017844363023397616)
(0.052610629301753420,-0.000722646402824448)
(0.045452150453735775,-0.018618619278296833)
(0.033636871852781629,-0.034146351782248480)
(0.018382076612929565,-0.045860933650306461)
(0.001214672385266537,-0.052702381314584670)
(-0.016177087205249255,-0.054089232483230165)
(-0.032105177950091615,-0.049964979226775473)
(-0.045040968002053969,-0.040793961666119961)
(-0.053756850660838358,-0.027508240009829803)
(-0.057437223395035895,-0.011411566355872626)
(-0.055748868069921929,0.005949519568519711)
(-0.048864832492913825,0.022934586711841957)
(-0.037440432094654960,0.037963743730925682)
(-0.022544549023433870,0.049662981425773522)
(-0.005553570392036749,0.056987029404593201)
(0.011981313144991542,0.059308798385090983)
(0.028480442097912541,0.056467922220137204)
(0.042481655622653380,0.048774972592836613)
(0.052772254443298472,0.036972185137445768)
(0.058494973884507376,0.022155590931096127)
(0.059218729581648796,0.005666908419820786)
(0.054968447753492751,-0.011033894086159556)
(0.046212279152699251,-0.026503018294460820)
(0.033808526711900225,-0.039441667673629062)
(0.018918306298185826,-0.048807684687478863)
(0.002892968953946060,-0.053900399874024334)
(-0.012852620113279615,-0.054411926963149636)
(-0.026968888005328543,-0.050441480366020260)
(-0.038290581542486907,-0.042472811855400229)
(-0.045935440359438695,-0.031318224953571845)
(-0.049374165140682838,-0.018035522396331462)
(-0.048466248550190348,-0.003826426620755617)
(-0.043459550750134565,0.010073682822679585)
(-0.034954889924170236,0.022504525223663807)
(-0.023840065165390910,0.032478574892484707)
(-0.011200354150660275,0.039259460915425939)
(0.001785589189902560,0.042415055514706437)
(0.013954514038021221,0.041841736402249891)
(0.024262048825614585,0.037759033395347835)
(0.031871744085555327,0.030676522458294837)
(0.036222195337283949,0.021337176354160138)
(0.037067014475796203,0.010643227346025432)
(0.034485056163509407,-0.000428191884595570)
(0.028861073294826192,-0.010911857605833962)
(0.020839618940388563,-0.019936145243332006)
(0.011257299926401901,-0.026792878953049451)
(0.001060230067676460,-0.030989998116379910)
(-0.008785403335005045,-0.032283454365632354)
(-0.017381424277137736,-0.030686709346009609)
(-0.023976588436135180,-0.026458179157200730)
(-0.028029617672471238,-0.020068796471362105)
(-0.029251272460184927,-0.012153391544238334)
(-0.027622416523003401,-0.003450720787078147)
(-0.076634640705554244,-0.010133413316615126)
(-0.069946820388188266,0.011126117575409588)
(-0.058143754618228259,0.030297729361414231)
(-0.042304096769787684,0.045931763082778965)
(-0.023826351219229214,0.056854179547802669)
(-0.004323645331265439,0.062277049153927504)
(0.014508691888973468,0.061878466302193777)
(0.031040151165669327,0.055840592795129512)
(0.043851408091697144,0.044839693379777695)
(0.051864347829457862,0.029987885127569225)
(0.054441734742824169,0.012731988243925598)
(0.051445869165937269,-0.005280369077465573)
(0.043250057398727920,-0.022353852556932424)
(0.030701725599553174,-0.036902431087057180)
(0.015040956302840039,-0.047594906434870660)
(-0.002217382352523361,-0.053475044477581363)
(-0.019426305919636656,-0.054045170117380505)
(-0.034960364522045720,-0.049305848861532539)
(-0.047365633952923619,-0.039748625838624749)
(-0.055491992202079878,-0.026303305604281308)
(-0.058595528839803873,-0.010245513174589507)
(-0.056401944543831357,0.006926107857034812)
(-0.049125612643376754,0.023631050854351528)
(-0.037443222279267871,0.038352981146565365)
(-0.022425196831215671,0.049777011839100826)
(-0.005431977619969421,0.056905704781351762)
(0.012014581027702129,0.059143555986880404)
(0.028372329637385865,0.056342908066650474)
(0.042219158015437665,0.048807998072228520)
(0.052379600691439598,0.037257823628410174)
(0.058026328512887262,0.022752309515509658)
(0.058747735396061533,0.006589525397002223)
(0.054576184602488892,-0.009815849946681899)
(0.045975258334008257,-0.025061205850037245)
(0.033788189487977641,-0.037879916263030396)
(0.019153182289256551,-0.047249417071458022)
(0.003394226789231302,-0.052474185503479827)
(-0.012101971666739205,-0.053236971002180847)
(-0.026011354037701571,-0.049614749985690973)
(-0.037188694290381283,-0.042059204470427318)
(-0.044764326639513852,-0.031344740348541497)
(-0.048213219347587405,-0.018489873251904897)
(-0.047390977173031826,-0.004659977123714747)
(-0.042534536799687717,0.008939257553437795)
(-0.034228601285585372,0.021167859519096596)
(-0.023341936146553402,0.031047762896759944)
(-0.010940246775961428,0.037841071990476163)
(0.001815745543280512,0.041104269859750214)
(0.013777361426031906,0.040714630945957057)
(0.023910348924307830,0.036867713527381024)
(0.031383543486541557,0.030047398376993450)
(0.035636292067392050,0.020972275838562843)
(0.036419296161970274,0.010524070284869038)
(0.033806097698423097,-0.000334914672087839)
(0.028175159371169000,-0.010647727037346497)
(0.020165126986473447,-0.019544542530194595)
(0.010608173644895627,-0.026313474980176624)
(0.000448120026684783,-0.030454878597202310)
(-0.009348838766881123,-0.031715276025152402)
(-0.017882568092052815,-0.030098962738736731)
(-0.024398701107731405,-0.025857317661733367)
(-0.028352758629546497,-0.019457720291156458)
(-0.029453422734345983,-0.011535585040256122)
(-0.027681717957511121,-0.002834254922183371)
(-0.073588830339477440,-0.003534445326535652)
(-0.065117865482018505,0.016619111062735989)
(-0.051931054108096827,0.034260404680653694)
(-0.035211685815861885,0.048091019445718620)
(-0.016411931670598803,0.057109648466901919)
(0.002857263589694432,0.060702574666917954)
(0.020955759438813906,0.058704202228419822)
(0.036351917666066429,0.051419197670468555)
(0.047755198921318673,0.039601957557308484)
(0.054230296539939285,0.024393905965524706)
(0.055280999073371723,0.007223838942594280)
(0.050894941721802131,-0.010319424930746068)
(0.041544363292803345,-0.026629901446171472)
(0.028142428599235179,-0.040229068993571315)
(0.011959100924501597,-0.049898448011127840)
(-0.005495503626929183,-0.054787626472908454)
(-0.022609255301678160,-0.054487745256809494)
(-0.037814652392124226,-0.049063888134225110)
(-0.049730288453391419,-0.039043805667133412)
(-0.057284093836742711,-0.025364548669115208)
(-0.059807149625432418,-0.009282502629095583)
(-0.057089747749945977,0.007744360847160557)
(-0.049394986181768255,0.024190763951083823)
(-0.037429192265604920,0.038602345632038050)
(-0.022272478998480675,0.049725104839980078)
(-0.005276381542773047,0.056614397394373191)
(0.012061542254948749,0.058713942364274671)
(0.028234297899764556,0.055898259805249012)
(0.041860550858819207,0.048475472517983925)
(0.051805927300483605,0.037151116610659750)
(0.057279720118970714,0.022957164953097471)
(0.057898681985064412,0.007153544105138373)
(0.053712786851329949,-0.008888255637754066)
(0.045191444034175833,-0.023808510262871431)
(0.033172308307112999,-0.036378248240327316)
(0.018778202621655936,-0.045603338017760134)
(0.003310450537233557,-0.050804794749885432)
(-0.011871139250307181,-0.051668853880924938)
(-0.025470441114056705,-0.048263294985745456)
(-0.036368238213866338,-0.041019652862241074)
(-0.043716523691620740,-0.030684026988091542)
(-0.047005889548785471,-0.018241917080169028)
(-0.046100681228587070,-0.004824637927033101)
(-0.041239668623485326,0.008393768690806550)
(-0.033003170280001881,0.020299695977585221)
(-0.022250572697193195,0.029934131902365019)
(-0.010034742867689881,0.036569889274184503)
(0.002498278387044275,0.039765785301148035)
(0.014214842062537824,0.039393923917774826)
(0.024094870017812204,0.035638751796977716)
(0.031319691581366056,0.028969085131717011)
(0.035339055833152701,0.020086614686795585)
(0.035911937449743872,0.009856297374888003)
(0.033118270434284836,-0.000774614021721498)
(0.027341437940869313,-0.010861456212859942)
(0.019223971021089463,-0.019543491141223963)
(0.009601232539092248,-0.026114854761986613)
(-0.000580312330896077,-0.030079467669670869)
(-0.010352456693935135,-0.031185870999732808)
(-0.018814008559826990,-0.029439834001578839)
(-0.025211000728633050,-0.025094556788062966)
(-0.029001399082828793,-0.018620190620174584)
(-0.029898929248868406,-0.010656062780821015)
(-0.027892646775265213,-0.001950296444369067)
(-0.069469132842794518,0.004450470163143407)
(-0.059139181710294433,0.023169936256298818)
(-0.044565730247902939,0.038990942980506711)
(-0.027012650698549114,0.050773625256938730)
(-0.007965243119856007,0.057688537660320373)
(0.010982840501328469,0.059290402460090576)
(0.028256072571409923,0.055562378785699973)
(0.042426348845133549,0.046924677127488629)
(0.052333355953238875,0.034204837549896616)
(0.057184457386374191,0.018570984031847867)
(0.056624124663162523,0.001433313659196304)
(0.050765689170261127,-0.015677518744975864)
(0.040181770515040086,-0.031243990908667512)
(0.025853730403410633,-0.043894861636007337)
(0.009084467320195418,-0.052525457352822318)
(-0.008617605386084880,-0.056393917803423524)
(-0.025672813617744032,-0.055184547950537927)
(-0.040570422514156906,-0.049032576836377066)
(-0.052001979401391743,-0.038508281730900436)
(-0.058975695142072751,-0.024562238015258996)
(-0.060901588260010797,-0.008437039889943463)
(-0.057639888234128675,0.008446128721095300)
(-0.049508637649594490,0.024615484460641362)
(-0.037250217235882101,0.038679415815497567)
(-0.021960285567829644,0.049448175223610918)
(-0.004986024801056522,0.056035651598981578)
(0.012196697285536339,0.057932387076636935)
(0.028115844864149371,0.055043784559156116)
(0.041433292330178298,0.047690738671416974)
(0.051060758360423938,0.036573394990537016)
(0.056251376462305047,0.022702073489387263)
(0.056659082870889263,0.007302275773780736)
(0.052361077285758124,-0.008297124430250635)
(0.043842062554817249,-0.022782115346442099)
(0.031942468646182914,-0.034967503116732426)
(0.017776089507874390,-0.043896559420634897)
(0.002625217392616011,-0.048917894877600329)
(-0.012176783585867696,-0.049733377922576427)
(-0.025364616122322908,-0.046413693706802935)
(-0.035851155489656651,-0.039381132636775618)
(-0.042818855854951078,-0.029362133515537452)
(-0.045784720434872472,-0.017314717555336718)
(-0.044633681251440398,-0.004338011859786937)
(-0.039618216461223515,0.008427592032683805)
(-0.031325132987646075,0.019900562181227873)
(-0.020613374747117025,0.029149841630631411)
(-0.008529220968105695,0.035470225140913442)
(0.003792899533332736,0.038435473649744416)
(0.015234683529799788,0.037925316863924960)
(0.024793820898664571,0.034124924070196627)
(0.031670614207669340,0.027497883082449534)
(0.035333942268987950,0.018735998891245772)
(0.035561215924823489,0.008691115179785972)
(0.032449452427992728,-0.001704476184578160)
(0.026397260655689460,-0.011521736399946497)
(0.018060139516313967,-0.019915316827536146)
(0.008283815196213759,-0.026193923228102205)
(-0.001977819167982919,-0.029874927121890417)
(-0.011752394637594109,-0.030719113246566399)
(-0.020138142018522681,-0.028743307206802782)
(-0.026384371399297897,-0.024210597560497094)
(-0.029956342798824098,-0.017599779347595781)
(-0.030579079528597057,-0.009557342479416076)
(-0.028256683429428796,-0.000836675710475526)
(-0.064291742699142840,0.013616935971529432)
(-0.052075680300247854,0.030571847157671268)
(-0.036157660105457456,0.044287142873823140)
(-0.017859723178672866,0.053789222013921528)
(0.001320236673135738,0.058421021107663007)
(0.019822574367225378,0.057901150632996626)
(0.036148499715516327,0.052354186660005256)
(0.048981162246914477,0.042307731351866641)
(0.057294589700903335,0.028654893812442239)
(0.060440391168277506,0.012584240956006689)
(0.058203798726807858,-0.004517405301011442)
(0.050823247487064946,-0.021181099839730780)
(0.038970999696748228,-0.035980570541405021)
(0.023695946537647752,-0.047654404125375499)
(0.006333287889335387,-0.055214463939441669)
(-0.011611070382009210,-0.058030600585040407)
(-0.028591162060727513,-0.055883899224472004)
(-0.043154979234221645,-0.048983626886201746)
(-0.054069864100463917,-0.037946406594655896)
(-0.060428067492598589,-0.023739625396007449)
(-0.061723100823035136,-0.007594349263371262)
(-0.057890200924843968,0.009104235074694593)
(-0.049307521428197720,0.024938853775401063)
(-0.036758248314758414,0.038583623950130673)
(-0.021357375767148142,0.048917939404248892)
(-0.004450043619909297,0.055120735390483927)
(0.012509159923481072,0.056737016953993122)
(0.028084911642069648,0.053711162100888263)
(0.040986275467150342,0.046384595841187599)
(0.050177105536895708,0.035458680686449938)
(0.054962090696770043,0.021926780323254947)
(0.055041146735679891,0.006982142105384258)
(0.050527836248284143,-0.008089727451384511)
(0.041930813611537381,-0.022024322957084647)
(0.030100643430576411,-0.033686889203979678)
(0.016147416992645193,-0.042167159518533621)
(0.001337116298308064,-0.046852071613652874)
(-0.013023570798401156,-0.047470618742425107)
(-0.025703442124184735,-0.044107629261906284)
(-0.035653570686081541,-0.037186116424200638)
(-0.042095355598172873,-0.027420638408152682)
(-0.044582390087273237,-0.015746605467143484)
(-0.043031223746809719,-0.003232451440204499)
(-0.037719003660692717,0.009017110314898193)
(-0.029248999965749697,0.019957995514350436)
(-0.018487880008206312,0.028695333199017153)
(-0.006481037413044073,0.034556241438198354)
(0.005645901674120902,0.037140942044744163)
(0.016790230948887052,0.036348453629795670)
(0.025970616793715245,0.032375452392743982)
(0.032412143485058595,0.025689281571797291)
(0.035610656690991810,0.016978311503533048)
(0.035371143115756988,0.007084714307197172)
(0.031817336429891374,-0.003073928911134399)
(0.025372382522414458,-0.012587023295559045)
(0.016712990076037524,-0.020630093909085462)
(0.006701805846040234,-0.026533926291080954)
(-0.003695410867992243,-0.029838075462311542)
(-0.013500034244570970,-0.030324642452299402)
(-0.021809972958789871,-0.028030049883202846)
(-0.027880221475948121,-0.023234507264335728)
(-0.031187522546569965,-0.016430770648726535)
(-0.031473670274971499,-0.008275509706056797)
(-0.028764001919628374,0.000472038024851923)
(-0.058077285290577353,0.023621591892462525)
(-0.044021097050084473,0.038492925712307474)
(-0.026864799292389663,0.049840049245408663)
(-0.007966703697274126,0.056861666112340045)
(0.011183342546127174,0.059072768681842046)
(0.029077268113640031,0.056350588154157513)
(0.044306533002283002,0.048952637903326650)
(0.055674777683259194,0.037503884041425600)
(0.062295680340537257,0.022952780515724650)
(0.063667163243571370,0.006498840109524635)
(0.059714853544791058,-0.010502767927523745)
(0.050800257186410874,-0.026651730275302467)
(0.037692199196956655,-0.040618697992788909)
(0.021503407190664243,-0.051256736388941009)
(0.003597330140806442,-0.057698115184965634)
(-0.014526932344052855,-0.059427662527148067)
(-0.031361640834249339,-0.056325979950020789)
(-0.045518255959551536,-0.048678532743686539)
(-0.055844859803129317,-0.037149726688674903)
(-0.061522812794062486,-0.022724260640076925)
(-0.062134153925412952,-0.006621004173343281)
(-0.057693883407564435,0.009812885774406300)
(-0.048644429079654203,0.025218151925834181)
(-0.035812996578299727,0.038339603940947917)
(-0.020335823811343814,0.048132025959163147)
(-0.003556297466822914,0.053846599892224414)
(0.013093824366469616,0.055090463323837352)
(0.028219408887640528,0.051854512167560832)
(0.040582039245244013,0.044507459712090428)
(0.049204634791464974,0.033757203077944033)
(0.053451547220695804,0.020583444813814526)
(0.053077390193764479,0.006148008928091458)
(0.048240750866451437,-0.008308842949368206)
(0.039482130503524282,-0.021576706258627367)
(0.027668672101625859,-0.032578332220827330)
(0.013911163177277900,-0.040458972462159772)
(-0.000538810365582862,-0.044654248274859927)
(-0.014402045860750208,-0.044931099574349723)
(-0.026484975730478054,-0.041398881293809101)
(-0.035782910172931372,-0.034490386500213313)
(-0.041564280466595958,-0.024915236893555362)
(-0.043428769201054707,-0.013590455135378142)
(-0.041334692549819738,-0.001554915126371784)
(-0.035593844954906056,0.010124398115846096)
(-0.026834964324145061,0.020445889137023200)
(-0.015939758557656739,0.028558444783841289)
(-0.003957805227192728,0.033830924884526499)
(0.007991608541499644,0.035900435581251736)
(0.018821643542729746,0.034695794481488539)
(0.027574837840471482,0.030434873902404416)
(0.033506248022591806,0.023596829525239057)
(0.036145658550650328,0.014872381458571686)
(0.035333739017535323,0.005097129217921860)
(0.031229466131799628,-0.004825795445863824)
(0.024288751253176366,-0.014006702097564536)
(0.015216787559391541,-0.021646807873544859)
(0.004898925715454626,-0.027105585404606801)
(-0.005683294502225664,-0.029952457841455157)
(-0.015543137826231356,-0.029998824676787293)
(-0.023778401559949893,-0.027308216236683780)
(-0.029651861141135785,-0.022184319087725096)
(-0.032655396171272957,-0.015138518616615013)
(-0.032552344722820460,-0.006840308048706605)
(-0.029394671456943890,0.001944722308454004)
(-0.050858690729582975,0.033998718120791666)
(-0.035098507920386220,0.046494865989974439)
(-0.016887229251648369,0.055252341532769478)
(0.002402544602120048,0.059645258452780986)
(0.021309725463177911,0.059358050525825316)
(0.038395624043711635,0.054419287269636588)
(0.052355831349414184,0.045208863702968477)
(0.062124020430054647,0.032436738045205860)
(0.066958824324009014,0.017093826555446279)
(0.066506012091152172,0.000378220093622005)
(0.060830040626856756,-0.016397718695688325)
(0.050411560669629818,-0.031911856925350306)
(0.036110375255415383,-0.044939568206720848)
(0.019096408930310487,-0.054454471450403052)
(0.000754147074245615,-0.059713708798853779)
(-0.017431539647022043,-0.060320083689667250)
(-0.033998503838456456,-0.056255364210259534)
(-0.047628779386396841,-0.047881594239620073)
(-0.057257861480525148,-0.035910104976662402)
(-0.062162296079286958,-0.021340813029798716)
(-0.062017949990908122,-0.005377056423771431)
(-0.056923913845723657,0.010676591891664308)
(-0.047390032257232186,0.025524584236149447)
(-0.034289279494010207,0.037989090175571727)
(-0.018779309848926461,0.047107661177277056)
(-0.002200225748244752,0.052211445394529078)
(0.014042322678972294,0.052977318966649686)
(0.028598351137808082,0.049449671360744789)
(0.040288408104850584,0.042030313347810558)
(0.048202090218778165,0.031437814264185127)
(0.051771748319675882,0.018640260711564723)
(0.050815217905606960,0.004767719948539538)
(0.045544229000766136,-0.008987613983592841)
(0.036538240281392076,-0.021474658771573868)
(0.024686518149763741,-0.031680993574750176)
(0.011104065367998763,-0.038816317539215259)
(-0.002970751828042167,-0.042374821226935817)
(-0.016287519674332132,-0.042171476023175621)
(-0.027694028187367332,-0.038349649601384150)
(-0.036235706753534255,-0.031360036393791986)
(-0.041235618111638228,-0.021913415729692347)
(-0.042348263360818456,-0.010911992766185950)
(-0.039582901100279122,0.000634154573430649)
(-0.033294876426488568,0.011697851224811569)
(-0.024146333758456685,0.021324709490714893)
(-0.013040391809956612,0.028714293090526557)
(-0.001035150432425144,0.033285697597119024)
(0.010754419933870813,0.034722228021965271)
(0.021257723779164281,0.032991823595545665)
(0.029543825401836019,0.028342088960370965)
(0.034902377471897103,0.021271038985550633)
(0.036903232831529964,0.012476752920530515)
(0.035429807738364877,0.002790884525314034)
(0.030683694980471625,-0.006897754743080273)
(0.023160633345495268,-0.015722628756939163)
(0.013600490743358361,-0.022914941274732453)
(0.002916186549624594,-0.027868680714493464)
(-0.007891731369405953,-0.030189869872508518)
(-0.017826977625367103,-0.029726154589655288)
(-0.025987568371482410,-0.026574664693143169)
(-0.031645991319129582,-0.021068006552815072)
(-0.034312497535246310,-0.013740130485510250)
(-0.033776117626090736,-0.005275498406012608)
(-0.030120067923941621,0.003553679606161704)
(-0.042691173723287942,0.044185286538711510)
(-0.025462520635063858,0.054059474540101182)
(-0.006462317273392108,0.060064076603685082)
(0.012944756911927284,0.061748078609492475)
(0.031346930753687101,0.058959608628958993)
(0.047392357275606034,0.051868510223625708)
(0.059894149459540198,0.040963899594544703)
(0.067924871816226584,0.027025806709430923)
(0.070892439833670495,0.011072201246368089)
(0.068590633551315006,-0.005715065054806424)
(0.061219356868035750,-0.022079839740491762)
(0.049372224236344076,-0.036789611574800693)
(0.033991819567691504,-0.048733655833755052)
(0.016295794880136452,-0.057012963707255768)
(-0.002320409433574240,-0.061014054363930023)
(-0.020396288288664417,-0.060460033590722786)
(-0.036525026841078341,-0.055434167448827662)
(-0.049468219887842113,-0.046373610395965645)
(-0.058256731526590097,-0.034033545639274784)
(-0.062268998093046035,-0.019424617363578298)
(-0.061279993995294192,-0.003728915407764504)
(-0.055476616547723213,0.011798308926999637)
(-0.045438174544823365,0.025932740214733116)
(-0.032083721449043215,0.037581935741764549)
(-0.016590880783863549,0.045874416443415195)
(-0.000293305183100813,0.050229293015828472)
(0.015434234010414809,0.050400553137053439)
(0.029293079550774186,0.046492397051873594)
(0.040170044496717947,0.038944578156291251)
(0.047229449674233176,0.028489347600955249)
(0.049979993620907763,0.016084077719738795)
(0.048310888024230891,0.002825726425763064)
(0.042494452045652144,-0.010145180181745001)
(0.033155346088922517,-0.021742556135621437)
(0.021209569165634989,-0.031026215430405679)
(0.007778980043872026,-0.037278953598401526)
(-0.005910802717599379,-0.040062813600324002)
(-0.018639895091115383,-0.039250037612857523)
(-0.029301275849712032,-0.035026509067997966)
(-0.036996130487663766,-0.027867943592079419)
(-0.041109168716735867,-0.018491471654932666)
(-0.041357567607491083,-0.007787359008572435)
(-0.037809625369139940,0.003262747688926867)
(-0.030871957481393222,0.013673619019109965)
(-0.021246877572217666,0.022542486938741502)
(-0.009864228270228504,0.029125864377547796)
(0.002205868866266799,0.032900645960213103)
(0.013851280361278681,0.033604519126214295)
(0.024018227520161337,0.031252638530008835)
(0.031804788218850015,0.026129661242384649)
(0.036539319237723050,0.018758412182192000)
(0.037837052686574349,0.009848457397385699)
(0.035630164344592645,0.000229535840161945)
(0.030169041564936758,-0.009223999241840215)
(0.021995072139662855,-0.017670942524207096)
(0.011887800763520150,-0.024376385278807977)
(0.000791534012810776,-0.028773994892820856)
(-0.010271774956439791,-0.030512258780141813)
(-0.020295411574533590,-0.029481034851028282)
(-0.028378205344799404,-0.025816537542329022)
(-0.033804251195416871,-0.019884792328290133)
(-0.036105089812461411,-0.012245446082081151)
(-0.035099037334283240,-0.003599468119328108)
(-0.030904447941000716,0.005274418101576213)
(-0.033663338441440760,0.053554805723132988)
(-0.015302158435407021,0.060622715760585616)
(0.004139813289942176,0.063785111710160394)
(0.023328046950970825,0.062761354908575678)
(0.040920084302850844,0.057553998094433671)
(0.055667422256051452,0.048460982306630755)
(0.066512836962109648,0.036064716355040362)
(0.072675140859761303,0.021197899481760523)
(0.073714102818148580,0.004887928435997721)
(0.069569656922375336,-0.011716329833320461)
(0.060571493670112359,-0.027429913988183143)
(0.047417518691864863,-0.041122520205342052)
(0.031122277049269474,-0.051807137364623071)
(0.012939042218348192,-0.058719013150037240)
(-0.005738383452210743,-0.061378029586647259)
(-0.023486240151319594,-0.059628848262358446)
(-0.038964629382759373,-0.053655012653258283)
(-0.051025034770798068,-0.043965406797678908)
(-0.058802418563467268,-0.031353865740283413)
(-0.061784001270057141,-0.016835093479779278)
(-0.059848779176002731,-0.001562149835291005)
(-0.053274327028591126,0.013267577601787857)
(-0.042710251004865113,0.026509951553312511)
(-0.029120548752656260,0.037166904866644840)
(-0.013699839200393747,0.044466589623590548)
(0.002229298920258413,0.047924044030445187)
(0.017328999891383437,0.047377272261958751)
(0.030359057764059606,0.042995790094280839)
(0.040280413093176738,0.035261102069518532)
(0.046340309334692437,0.024921025794027045)
(0.048131893838190144,0.012922045272718920)
(0.045623316096925361,0.000325755579511654)
(0.039154080301188866,-0.011783210018109032)
(0.029399296765815326,-0.022389716252468866)
(0.017305288640711250,-0.030633126398242339)
(0.004002495955861659,-0.035877528928931389)
(-0.009296440991972863,-0.037761341840104649)
(-0.021404311438449813,-0.036222332947984028)
(-0.031263161944372300,-0.031496303292543611)
(-0.038035245981576739,-0.024090010496529632)
(-0.041173257605931907,-0.014731150788772145)
(-0.040463931171396419,-0.004300175014276222)
(-0.036041511834766157,0.006249783086074518)
(-0.028370306498218093,0.015977663598081962)
(-0.018198268152319758,0.024036444485498534)
(-0.006486104103076823,0.029745221726005348)
(0.005681492587565745,0.032645315067247396)
(0.017194390860481187,0.032535823635008967)
(0.027016488627207656,0.029485940543584756)
(0.034277270650611966,0.023823417593034902)
(0.038347441810209888,0.016100663410436505)
(0.038892131955226547,0.007041877663702512)
(0.035897236329946229,-0.002523793678999570)
(0.029666889226884673,-0.011736982243796729)
(0.020792648200867413,-0.019784039839551008)
(0.010097462129987427,-0.025967569052784738)
(-0.001440310518634203,-0.029765515395425150)
(-0.012775866090384773,-0.030873907806364224)
(-0.022891870669564718,-0.029229848670220805)
(-0.030888949685417770,-0.025013130080521445)
(-0.036064774963637976,-0.018626730881359809)
(-0.037974868467825926,-0.010658265262248053)
(-0.036469931271275263,-0.001826053890522581)
(-0.031706632819864071,0.007085259406993594)
(-0.023908064586064637,0.061458956206111956)
(-0.004843335602377055,0.065615037473480867)
(0.014621284872139251,0.065932687601246417)
(0.033203198003591519,0.062293163372949073)
(0.049648146885505104,0.054840612721799145)
(0.062825884136305854,0.043984810744189806)
(0.071819056414678908,0.030382914804079883)
(0.075997899006856315,0.014900726686426133)
(0.075074241495575261,-0.001444284834793468)
(0.069129820894566582,-0.017554276740534270)
(0.058615882356210042,-0.032331303283026559)
(0.044323367244336213,-0.044760226010760185)
(0.027325450637278096,-0.053987444150167263)
(0.008896578639196389,-0.059388745020843479)
(-0.009585748356118477,-0.060620300740482871)
(-0.026748595762499335,-0.057648125915186095)
(-0.041331812746322458,-0.050753057947034469)
(-0.052287839256614510,-0.040510376614759022)
(-0.058864675991836611,-0.027745359514103028)
(-0.060664921934864766,-0.013468176402901426)
(-0.057675755877258608,0.001206636017939969)
(-0.050267183709994806,0.015149478758810795)
(-0.039158579383334398,0.027306308591722492)
(-0.025356275461364111,0.036782931113746017)
(-0.010067465991103777,0.042915832759045869)
(0.005402255079502927,0.045323551777168347)
(0.019758968688153942,0.043934258795962508)
(0.031828702041607940,0.038987274249494080)
(0.040654639232396712,0.031008508748856960)
(0.045574985471146127,0.020762071047664969)
(0.046274898348960668,0.009182344513279284)
(0.042808175202363810,-0.002707496267943546)
(0.035587035502931512,-0.013883419573632674)
(0.025341125424415450,-0.023407306458098048)
(0.013049550574718956,-0.030505108910298097)
(-0.000147924989968718,-0.034629769080699382)
(-0.013052595376244858,-0.035503667565601374)
(-0.024512454381661729,-0.033137209430117553)
(-0.033522497219180533,-0.027822275060155763)
(-0.039310961757927886,-0.020101468301716524)
(-0.041404097076461990,-0.010716190475472632)
(-0.039663998682785855,-0.000538371848920954)
(-0.034296466702038092,0.009507953246140030)
(-0.025828507998552030,0.018528248376637173)
(-0.015057777735656658,0.025735104773276073)
(-0.002978703665388092,0.030515208062725355)
(0.009307956836197454,0.032479987695740724)
(0.020693984482337287,0.031495808945631670)
(0.030162186831858340,0.027691418190026865)
(0.036875825629903970,0.021442371733355590)
(0.040251185415551241,0.013334186973133291)
(0.040007049278155259,0.004107776922282440)
(0.036186944146525193,-0.005407790658682315)
(0.029152457597188670,-0.014369152664642781)
(0.019548492535768940,-0.021992600440545476)
(0.008243788347300206,-0.027621695489680975)
(-0.003747818150206636,-0.030782785255994295)
(-0.015358276448718608,-0.031223799018134955)
(-0.025560234574820196,-0.028933228519675371)
(-0.033457585386415051,-0.024137962260950423)
(-0.038363713713580994,-0.017280489641957410)
(-0.039860663618674595,-0.008977760787231392)
(-0.037834180887240991,0.000034470618995671)
(-0.032481747252763316,0.008966808585261343)
(-0.013611557790910663,0.067274819375457401)
(0.005650267590298856,0.068505728733346205)
(0.024662704095795723,0.066071876771499116)
(0.042215790174096067,0.060004155555974450)
(0.057160624265149715,0.050572159455909510)
(0.068497910002746798,0.038278459784218961)
(0.075457833155152504,0.023834218108638085)
(0.077564499964619560,0.008117141844301127)
(0.074679202854920357,-0.007885663073120266)
(0.067018338989968590,-0.023145970764185581)
(0.055143780377149801,-0.036668729468211661)
(0.039925727482306481,-0.047566506077469754)
(0.022480385927576309,-0.055127952769640373)
(0.004086986356377723,-0.058874438237144278)
(-0.013909477177456209,-0.058599789532570605)
(-0.030202060385789573,-0.054389373334688101)
(-0.043623784849205295,-0.046616405971098625)
(-0.053239206133958883,-0.035915278944049618)
(-0.058417914300970666,-0.023133653727706319)
(-0.058883662613146481,-0.009266938331833726)
(-0.054734807152839779,0.004619663009123325)
(-0.046434131912720542,0.017475185376638031)
(-0.034768724865494371,0.028346072012171472)
(-0.020783133761427215,0.036451517434398006)
(-0.005691338750139702,0.041244630353336705)
(0.009225074474490738,0.042454230618061174)
(0.022723939898336560,0.040103727816845333)
(0.033705657934814170,0.034505484617090590)
(0.041303699674973812,0.026231172775989499)
(0.044954782635401196,0.016060696940893484)
(0.044442783329635915,0.004914106699769858)
(0.039912724250707868,-0.006227623621496626)
(0.031853766717840404,-0.016406124871741555)
(0.021052828091389638,-0.024766306220841527)
(0.008522985108507755,-0.030627289356488823)
(-0.004586999721533341,-0.033537606725171323)
(-0.017094076001639008,-0.033310071827659354)
(-0.027884360117564705,-0.030033527339284365)
(-0.036009644140343196,-0.024060705976600875)
(-0.040768610570868710,-0.015973518777931881)
(-0.041765787350717135,-0.006529031996708666)
(-0.038943264105821503,0.003408963169865570)
(-0.032582603033720896,0.012946685942633610)
(-0.023277001563276365,0.021238652352037382)
(-0.011876366775988269,0.027560703708934427)
(0.000589685330859473,0.031371508251612328)
(0.013003994742492926,0.032357347410677695)
(0.024260996613728693,0.030456517243956850)
(0.033364093170569167,0.025861494727017313)
(0.039512735501678720,0.018998974618561419)
(0.042171656741082170,0.010489802825852292)
(0.041116317785117554,0.001092549604939219)
(0.036450754515471001,-0.008364166089387016)
(0.028596460972050965,-0.017054585024474152)
(0.018253489219393872,-0.024227562808699241)
(0.006337369973932029,-0.029270974242441693)
(-0.006102452689026520,-0.031763291536518898)
(-0.017975404060529481,-0.031508045677051962)
(-0.028245582845264655,-0.028548417622307559)
(-0.036022186043040187,-0.023160957827331487)
(-0.040636684919209853,-0.015829244375808803)
(-0.041700095818288346,-0.007200004886958399)
(-0.039135474415567341,0.001974300397447492)
(-0.033182957988511133,0.010901329695050139)
(-0.003018856634547335,0.070454547613458762)
(0.015879107993210947,0.068848282056946944)
(0.033931324428095357,0.063855995385052183)
(0.050019391395449794,0.055642563196185074)
(0.063114532565054726,0.044584018886271455)
(0.072358294411226556,0.031254456386142881)
(0.077133022951232727,0.016396719524766883)
(0.077116010211478417,0.000878299401953436)
(0.072312331134555263,-0.014364801455155743)
(0.063062984215994072,-0.028392304546519965)
(0.050026888100286951,-0.040327160648045160)
(0.034137418575311225,-0.049420975510142157)
(0.016536318016875405,-0.055111932260779435)
(-0.001510214906509578,-0.057070187280303705)
(-0.018706822979512646,-0.055226577626607924)
(-0.033828124485348873,-0.049781741470364939)
(-0.045813632954760826,-0.041194319090115748)
(-0.053850593263693819,-0.030148639100743314)
(-0.057437728134740663,-0.017504050579020054)
(-0.056424374667219113,-0.004229678086894689)
(-0.051021480836748727,0.008670296549839069)
(-0.041783261719424335,0.020234811147982788)
(-0.029560785634673830,0.029621140729331665)
(-0.015431156526607391,0.036170887744972020)
(-0.000608069016357000,0.039461176921440994)
(0.013658852542344569,0.039336682731590175)
(0.026187509256323231,0.035919709900578536)
(0.035960864833187986,0.029597399213437240)
(0.042210313982638178,0.020987080339605647)
(0.044477810906518207,0.010882668299750790)
(0.042651485792516430,0.000186633862866584)
(0.036971741874081171,-0.010166675441432307)
(0.028007359591855414,-0.019289839807478344)
(0.016603716590406877,-0.026416592792549560)
(0.003807636422533397,-0.030965167033516882)
(-0.009224606352076592,-0.032585410772037283)
(-0.021328148838544701,-0.031185742148963986)
(-0.031430540476136186,-0.026937763485766736)
(-0.038644158543618565,-0.020258296783115557)
(-0.042342081710589431,-0.011770553343330785)
(-0.042210923162628776,-0.002247943267162630)
(-0.038276146346484345,0.007454491967646986)
(-0.030897792944541813,0.016475006292111315)
(-0.020737132625378778,0.024019914121722642)
(-0.008697271070348867,0.029431740176126174)
(0.004156994244792787,0.032244928647272686)
(0.016692998156883444,0.032224415421976113)
(0.027809480750974103,0.029383893981209455)
(0.036532642171434093,0.023982393309370353)
(0.042100634072087625,0.016499676215626202)
(0.044029190041739878,0.007592793246631695)
(0.042152775632905704,-0.001962267360957216)
(0.036637797839100955,-0.011338646478811472)
(0.027966863035287302,-0.019730426245071538)
(0.016895596352468144,-0.026421957087931814)
(0.004385913832339763,-0.030848751157758578)
(-0.008478334775914365,-0.032644785789600179)
(-0.020585934332044715,-0.031672287878849778)
(-0.030894818542672793,-0.028031621033328409)
(-0.038522140997218068,-0.022050634214684155)
(-0.042820119190759509,-0.014254601389495594)
(-0.043431145092339474,-0.005319533832011281)
(-0.040317490090741911,0.003986960064432110)
(-0.033763160648223059,0.012872074247561718)
(0.007565775860639330,0.070573676281651260)
(0.025513472867676218,0.066323230472502492)
(0.042091649826954555,0.059063715373653694)
(0.056289887698707658,0.049075488757964650)
(0.067211304463592067,0.036819788970199538)
(0.074144868860555060,0.022919432100685713)
(0.076626270478575231,0.008125819015292886)
(0.074481910727907413,-0.006725997515089367)
(0.067851772630941082,-0.020771309987136295)
(0.057188525937120510,-0.033174998006776465)
(0.043232107593080944,-0.043191528425052639)
(0.026961035311850123,-0.050220914937077560)
(0.009523694445848101,-0.053855928994327604)
(-0.007845387990001000,-0.053916361586760220)
(-0.023917865409654741,-0.050467035579902716)
(-0.037565175872817859,-0.043817498085107251)
(-0.047845817180267945,-0.034502785191159249)
(-0.054079028073192453,-0.023246224773384137)
(-0.055898588445575846,-0.010906789420913613)
(-0.053281991108635400,0.001585109231058699)
(-0.046552218026935155,0.013298410475994558)
(-0.036351611715626016,0.023373123550402046)
(-0.023589676005714388,0.031087113278600906)
(-0.009368866499120448,0.035912386947331745)
(0.005105656774849581,0.037556103246555304)
(0.018624915783647437,0.035982739900877969)
(0.030075432770203019,0.031415402229326553)
(0.038530661288461464,0.024315999064106253)
(0.043326814023842905,0.015345804052664537)
(0.044116644934788285,0.005309601828151302)
(0.040896582825305124,-0.004911959717384082)
(0.034004863784263817,-0.014436155703460110)
(0.024090778077975317,-0.022451901675608989)
(0.012057619396780061,-0.028287176944333452)
(-0.001015814698620930,-0.031464449915063933)
(-0.013968470965816340,-0.031739418792564353)
(-0.025657058725400361,-0.029119807054692248)
(-0.035054267733181946,-0.023862663925336022)
(-0.041336763737618264,-0.016450466379034922)
(-0.043955417540863483,-0.007548139494813001)
(-0.042681755342309433,0.002055252937102341)
(-0.037626671735238926,0.011515088447742808)
(-0.029229843520864777,0.020004111649955844)
(-0.018220813913766523,0.026783430772036473)
(-0.005555162365198983,0.031265504479551696)
(0.007668677642528350,0.033063758305249644)
(0.020304728350770858,0.032024649990359651)
(0.031258647273264946,0.028239538104319343)
(0.039582203058251650,0.022035462946501671)
(0.044554901916791290,0.013945769172491735)
(0.045745751092389222,0.004663227445874821)
(0.043049882325225705,-0.005020201376752563)
(0.036696946475936146,-0.014281698262525492)
(0.027230639121898863,-0.022338097308447165)
(0.015461212794070971,-0.028512518575695596)
(0.002395158097387080,-0.032291446200638681)
(-0.010851807632838998,-0.033367441667938487)
(-0.023150887130945857,-0.031663953659161123)
(-0.033457168619827629,-0.027340249418802247)
(-0.040899054548743791,-0.020776210780564477)
(-0.044852481329443597,-0.012538461757640867)
(-0.044993599818470273,-0.003330876028001403)
(-0.041325468424855107,0.006066182221682726)
(-0.034176567843377942,0.014862610489088400)
(0.017784782264019895,0.067373992950529760)
(0.034203649719739167,0.060774758051858190)
(0.048818721498619003,0.051629546138338575)
(0.060740816294346994,0.040313512463876967)
(0.069213181081212286,0.027350398001014208)
(0.073675078899048049,0.013388239166761707)
(0.073813038225367222,-0.000836065056877628)
(0.069595002314908033,-0.014541332142635231)
(0.061283847448043022,-0.026952907333593151)
(0.049428319920892576,-0.037356068337947759)
(0.034831251305288753,-0.045147929344281489)
(0.018496803170442479,-0.049883623355108653)
(0.001560305737593341,-0.051312774878781726)
(-0.014794170277249476,-0.049402868394443460)
(-0.029422178479933864,-0.044347038549516271)
(-0.041306177982095092,-0.036554990331795038)
(-0.049634597907823146,-0.026627108358139182)
(-0.053866044784571035,-0.015313220719659296)
(-0.053773085485071107,-0.003458821121388869)
(-0.049461614904095917,0.008057298908787678)
(-0.041363773623789075,0.018389207708242105)
(-0.030204555731584419,0.026788518567528112)
(-0.016944456692698333,0.032662316753699884)
(-0.002702564433529952,0.035619474942066617)
(0.011333788033212801,0.035501364993774938)
(0.024005468426070022,0.032394200142015835)
(0.034276136065525771,0.026621733119106813)
(0.041317082600648890,0.018718667163467567)
(0.044575162349046203,0.009386767641084839)
(0.043818009506693234,-0.000562850949229817)
(0.039152609874492594,-0.010276577317584305)
(0.031015521952738934,-0.018928786031594161)
(0.020135437058637108,-0.025790081719763713)
(0.007471124574182954,-0.030287577501535507)
(-0.005870078095587103,-0.032052115914479262)
(-0.018726385979130504,-0.030948419579975288)
(-0.029980344667447464,-0.027085590732956771)
(-0.038653882796369152,-0.020807041231836246)
(-0.043991543620824608,-0.012660684338306503)
(-0.045524785952894137,-0.003351904556489200)
(-0.043111845616939488,0.006316704660862219)
(-0.036949728655719778,0.015513712195718067)
(-0.027557288375668867,0.023449512385624319)
(-0.015730814759563463,0.029443268927643606)
(-0.002475922759160754,0.032980451750937917)
(0.011078438668685048,0.033756091244833225)
(0.023776498646391531,0.031700104543217790)
(0.034534435521766882,0.026982589803276263)
(0.042432951890636637,0.019998702566177532)
(0.046795732761980215,0.011334474364280965)
(0.047247081843238170,0.001716556889559791)
(0.043743822565588085,-0.008049764268638097)
(0.036578762933350904,-0.017148960164190336)
(0.026355465239983909,-0.024824206248328321)
(0.013936522278806457,-0.030441022890920402)
(0.000369808821267654,-0.033540228899676193)
(-0.013200944046958974,-0.033875770217334865)
(-0.025633574526104309,-0.031434301321130856)
(-0.035884571065818827,-0.026434970200092008)
(-0.043097514604791463,-0.019309552483785242)
(-0.046675349897111015,-0.010664750383979554)
(-0.046330359350998898,-0.001229974987430972)
(-0.042107639268092995,0.008204860914978546)
(-0.034380158456607177,0.016856198547963934)
(0.027240200285773959,0.060796983379676608)
(0.041594792059917229,0.052237565877924691)
(0.053813965068834436,0.041664605966661362)
(0.063139303839907318,0.029525948377863584)
(0.068958476429848953,0.016384506824930110)
(0.070859953892414618,0.002890224323151032)
(0.068674818346094277,-0.010256585880118423)
(0.062501560097771636,-0.022348353576841964)
(0.052711008423072338,-0.032716937750894015)
(0.039930083176829716,-0.040780485052839953)
(0.025004774608927558,-0.046086798402827575)
(0.008944515093706635,-0.048349591008735891)
(-0.007148251706759166,-0.047474354592026341)
(-0.022158118239737189,-0.043571229050778371)
(-0.035040201511875146,-0.036953184223409347)
(-0.044900398728913785,-0.028118946057340180)
(-0.051065789555497447,-0.017721330472427878)
(-0.053139183300638680,-0.006522884841393087)
(-0.051032958267096376,0.004658130182195516)
(-0.044978936074301291,0.015007461967104023)
(-0.035512950660110724,0.023775709891752698)
(-0.023434852684235959,0.030335454919849753)
(-0.009746759298194459,0.034229985089551454)
(0.004425762642966770,0.035209480386046960)
(0.017923371765072822,0.033251444508195803)
(0.029646254797014195,0.028563396716869447)
(0.038643398815054769,0.021567265904609129)
(0.044190392806331448,0.012866441972745044)
(0.045849173079740874,0.003197906667750064)
(0.043504556286671291,-0.006626841719731532)
(0.037374293290720825,-0.015787354249759120)
(0.027991570712380467,-0.023520955153243026)
(0.016161199725689222,-0.029185118497228196)
(0.002892965745939356,-0.032310287398334039)
(-0.010682425482325283,-0.032638669103812482)
(-0.023407852288676003,-0.030145673554382045)
(-0.034196840833194686,-0.025042094733277336)
(-0.042125024882928380,-0.017756742673278855)
(-0.046508261127644585,-0.008900882108304364)
(-0.046960746562794711,0.000782620694275897)
(-0.043428146875189672,0.010481232747124883)
(-0.036192843299482969,0.019380603548843599)
(-0.025850762123281249,0.026732640607052244)
(-0.013261664590340240,0.031918085775330146)
(0.000522961866715894,0.034498318130375565)
(0.014348352504962324,0.034252011793234005)
(0.027053789677851728,0.031193554698777791)
(0.037570566170109905,0.025571677638161806)
(0.045012280857091330,0.017848419580808308)
(0.048749799677443757,0.008660221364949008)
(0.048464510494231387,-0.001235547675035688)
(0.044175341774124084,-0.011024096299107196)
(0.036237244780417538,-0.019901376203191712)
(0.025311266254486445,-0.027141148441274479)
(0.012308755406045027,-0.032155303969873684)
(-0.001685551584585915,-0.034542380144900027)
(-0.015505032678962727,-0.034120232301860856)
(-0.027999495133306258,-0.030940176271981482)
(-0.038131962487132048,-0.025281496538186288)
(-0.045065732599825992,-0.017626879990266690)
(-0.048234346237183853,-0.008620944523072603)
(-0.047388571813695692,0.000984551715992834)
(-0.042616477287579321,0.010394130217290919)
(-0.034334955894820558,0.018835250679769624)
(0.035513434049359471,0.051004365014928159)
(0.047346134176164990,0.040951008943345045)
(0.056823052660017727,0.029465165186003554)
(0.063321926488159527,0.017044656422864929)
(0.066374944565123231,0.004268489764840767)
(0.065714656505853036,-0.008233709068321609)
(0.061306707880482307,-0.019818428161046085)
(0.053365941344505154,-0.029868906926760346)
(0.042353639710172336,-0.037836892976727432)
(0.028955173414031754,-0.043282404469111940)
(0.014038932642764465,-0.045908297266966526)
(-0.001400961407613895,-0.045586617217822367)
(-0.016314201494367270,-0.042374170613949588)
(-0.029670938407094453,-0.036515449765021440)
(-0.040539566994037421,-0.028431960546120918)
(-0.048159373986428555,-0.018698047859881627)
(-0.052001967500760540,-0.008004419311222890)
(-0.051816132718662797,0.002888366912715174)
(-0.047651962938452246,0.013203252738908860)
(-0.039861711726829771,0.022202964303490526)
(-0.029076674753825558,0.029244912741468641)
(-0.016161386285188248,0.033830329866103570)
(-0.002148337978222514,0.035643559408272220)
(0.011841870683641105,0.034578083670341243)
(0.024688712690763899,0.030746838167881846)
(0.035361175689456029,0.024475580330224487)
(0.043001146302246031,0.016279435844640578)
(0.046993780851357060,0.006824134970476256)
(0.047018867406155351,-0.003125247991748442)
(0.043078670811768208,-0.012764140787566519)
(0.035499647481849202,-0.021312198395849816)
(0.024907564911896458,-0.028075784749322867)
(0.012177782084111284,-0.032504096034576144)
(-0.001635448095088990,-0.034234250471509006)
(-0.015384986579419412,-0.033121512419149027)
(-0.027925109116002485,-0.029251999745067279)
(-0.038206312693879002,-0.022936646996619632)
(-0.045362721059709954,-0.014686744669692964)
(-0.048784733309157800,-0.005172915823356381)
(-0.048170739216880948,0.004829206753140241)
(-0.043553439046232920,0.014502198443986106)
(-0.035298412328722287,0.023053771589029437)
(-0.024074902696453990,0.029781882789240703)
(-0.010801127455553953,0.034132603450641057)
(0.003431418709597624,0.035745914213533285)
(0.017448402406503173,0.034485572645359563)
(0.030090296885503708,0.030450523125675907)
(0.040309059408744748,0.023966857267600141)
(0.047255717733442650,0.015560962098303051)
(0.050351483767203505,0.005916072965156321)
(0.049336381971290595,-0.004184156044780250)
(0.044291263429212802,-0.013920358780400210)
(0.035631314572579231,-0.022505039474373555)
(0.024071572506875617,-0.029247389902717476)
(0.010567322355698412,-0.033609937101238836)
(-0.003765625257370512,-0.035252310670046492)
(-0.017744077498965546,-0.034058508792587115)
(-0.030216190116080632,-0.030145435896162615)
(-0.040157481769471856,-0.023852063436447357)
(-0.046756060831491336,-0.015710194184245983)
(-0.049479910017650945,-0.006399351323800589)
(-0.048120595940730426,0.003310363696998622)
(-0.042809767817219811,0.012622607541430459)
(-0.034007111886926539,0.020780907766251678)
(0.042191038604123043,0.038383063981381103)
(0.051153600961573120,0.027358368328564739)
(0.057654799308515664,0.015507280738347579)
(0.061209532580667206,0.003355128673677633)
(0.061490349233862762,-0.008524945945134973)
(0.058364798483617295,-0.019543904906336951)
(0.051919640064795165,-0.029132559258068954)
(0.042469057383419086,-0.036778851265086010)
(0.030545229234221091,-0.042064037474924432)
(0.016871030311266633,-0.044694984408697847)
(0.002316136008151168,-0.044529857070399304)
(-0.012160725090555468,-0.041594784126820702)
(-0.025579326974593367,-0.036089615056893315)
(-0.037010253546018196,-0.028381615350989358)
(-0.045646276729883986,-0.018986827252837228)
(-0.050866959388118881,-0.008539789668082484)
(-0.052290963709639794,0.002246716475647011)
(-0.049811355100401279,0.012629335961847985)
(-0.043610431805518241,0.021885923400740668)
(-0.034152190024815468,0.029367644781926720)
(-0.022152328662802971,0.034547384810893984)
(-0.008527559632976528,0.037060559001609171)
(0.005672239274669939,0.036734870289866564)
(0.019343966603627652,0.033606298804674029)
(0.031417130748864347,0.027919620043892986)
(0.040938722214572405,0.020112935762817308)
(0.047150184615677312,0.010786978939337236)
(0.049550040135224897,0.000661213336608870)
(0.047936775695738398,-0.009480118796525057)
(0.042428124438841523,-0.018847941451648725)
(0.033454763106596369,-0.026709628284733802)
(0.021728535979633451,-0.032446748255816331)
(0.008187435836462557,-0.035604575142433342)
(-0.006078458244942702,-0.035929236947812401)
(-0.019914237991662233,-0.033389312649905439)
(-0.032193587918653351,-0.028179901195865203)
(-0.041910734941593586,-0.020708593776038075)
(-0.048263315825184991,-0.011564259517738082)
(-0.050719221229911432,-0.001470982586026850)
(-0.049061736239599751,0.008769256786266715)
(-0.043409050928915019,0.018340592754560583)
(-0.034206317342487198,0.026478808167122118)
(-0.022190706286990269,0.032533047082865550)
(-0.008332176953379542,0.036018627195318231)
(0.006245277375926906,0.036656568814187968)
(0.020355479169456556,0.034396525098830795)
(0.032847447947433620,0.029421152331200226)
(0.042700242719913968,0.022131486880745101)
(0.049107365554866479,0.013114469132482960)
(0.051543662728849013,0.003095241209253386)
(0.049809095240902386,-0.007121881361934791)
(0.044045665982720965,-0.016718912455522397)
(0.034726026403867474,-0.024930773168327612)
(0.022614653021716564,-0.031107448473269000)
(0.008704783619083618,-0.034766590249119017)
(-0.005863660374304949,-0.035632228543496319)
(-0.019898337994303111,-0.033656411291745666)
(-0.032253083345130336,-0.029022017581252745)
(-0.041922606087723004,-0.022126560688441543)
(-0.048125396665114215,-0.013548381893121127)
(-0.050367923859210496,-0.003998100795918357)
(-0.048484783026570513,0.005740590822367150)
(-0.042651473420277641,0.014875829163240652)
(-0.033368781543905907,0.022672753652396908)
(0.046894867624304996,0.023533127835694473)
(0.052774279185887493,0.012090224017349376)
(0.056199719132318623,0.000426893365362435)
(0.056819843060103237,-0.010925442759346803)
(0.054439259899747870,-0.021419527768629723)
(0.049047764042340722,-0.030524448569372156)
(0.040836729847173472,-0.037759455725463839)
(0.030200375976435725,-0.042727164819264300)
(0.017720774471400615,-0.045143700430108492)
(0.004136810658934240,-0.044863348284832232)
(-0.009701314697565968,-0.041895485413834282)
(-0.022889129556938670,-0.036411963836074715)
(-0.034532434022116205,-0.028743713699790799)
(-0.043814453008309814,-0.019366072237898900)
(-0.050060244939401539,-0.008873184374460429)
(-0.052792987228291371,0.002057304562831811)
(-0.051777191760822135,0.012707205759487009)
(-0.047044776411507602,0.022365608185605811)
(-0.038901174221412746,0.030378232140094545)
(-0.027910206912575106,0.036194674553843738)
(-0.014858161707269859,0.039409876404173733)
(-0.000699248730514369,0.039796411663547374)
(0.013513767833046352,0.037324758377058079)
(0.026708620939551776,0.032169533785958250)
(0.037876169123390382,0.024700700602271277)
(0.046150019653171809,0.015459903793005313)
(0.050876625532510926,0.005123285122360483)
(0.051669946278215230,-0.005546752352116541)
(0.048445885294529777,-0.015757392910128287)
(0.041433269365644634,-0.024744715826754651)
(0.031159996931198194,-0.031831907585675855)
(0.018415000555516117,-0.036481785059480583)
(0.004188677528799641,-0.038339373093304367)
(-0.010403729731296711,-0.037260976145254622)
(-0.024209833452067248,-0.033327190785930917)
(-0.036131894024598050,-0.026838547683361705)
(-0.045215271013945957,-0.018293849843722364)
(-0.050726259951106530,-0.008352675893366780)
(-0.052212818180677065,0.002215174027137196)
(-0.049543012311903598,0.012589408322276136)
(-0.042917799087091299,0.021963466062746323)
(-0.032856836598694955,0.029608118860065258)
(-0.020158241646057385,0.034929327875487498)
(-0.005835375997523064,0.037515642492404078)
(0.008964323945425059,0.037171233250233429)
(0.023051928428255607,0.033931790135694195)
(0.035293463271085929,0.028061896733118371)
(0.044702307871590553,0.020033998007533485)
(0.050519907571130632,0.010490589533676709)
(0.052278089782218776,0.000192642240119858)
(0.049837764286872623,-0.010041577963111286)
(0.043400724104594439,-0.019402329650685442)
(0.033493483894958341,-0.027153490112740274)
(0.020924412584833425,-0.032691605640090070)
(0.006717641033582585,-0.035594066914469674)
(-0.007970833482775320,-0.035652469277262330)
(-0.021947930722625499,-0.032888437938768965)
(-0.034081324725100483,-0.027550646561472433)
(-0.043392235247789346,-0.020093313092361047)
(-0.049135485570019871,-0.011137988939148068)
(-0.050860194467240077,-0.001421838073074418)
(-0.048446081781664471,0.008263284410279357)
(-0.042112399657518909,0.017135892594158111)
(-0.032398784511220517,0.024488678687405188)
(0.049314249213441054,0.007238404952102761)
(0.052050734738066332,-0.004067840197991873)
(0.052446568052799195,-0.015014059811399503)
(0.050276508638384315,-0.025082321671880365)
(0.045465103439475074,-0.033768613022003340)
(0.038108407712343639,-0.040614298919644409)
(0.028483416019201079,-0.045237224709624040)
(0.017043422553081191,-0.047360285827081329)
(0.004398640412145018,-0.046835260051257599)
(-0.008717353187056267,-0.043659840173954224)
(-0.021493518105318188,-0.037986124732033930)
(-0.033096598075694143,-0.030119311917270797)
(-0.042731734983558645,-0.020505972377775229)
(-0.049703787154519861,-0.009712010910256672)
(-0.053474369427288580,0.001608787026760555)
(-0.053709726303523476,0.012753951495242204)
(-0.050315066514036833,0.023016892556397047)
(-0.043451902355174564,0.031733895335107322)
(-0.033536188475334031,0.038330240079400654)
(-0.021216548705592780,0.042362013249381117)
(-0.007333497293482840,0.043550313281981334)
(0.007137831673639548,0.041804963625499632)
(0.021157474131214785,0.037235508307193979)
(0.033697793074193814,0.030148141270760317)
(0.043822061033763099,0.021028249024451075)
(0.050758207383849938,0.010509349483245781)
(0.053961664439391328,-0.000669699400571178)
(0.053161954042707397,-0.011716360421202882)
(0.048388832708010372,-0.021841289104819112)
(0.039975372272155370,-0.030316224993937543)
(0.028537172998297732,-0.036528494985039267)
(0.014928840193552596,-0.040027854245431260)
(0.000180743122296261,-0.040561872490079538)
(-0.014579244106518872,-0.038096876949062872)
(-0.028212992392958651,-0.032822531873074420)
(-0.039661476179293456,-0.025139387384018316)
(-0.048029058391836008,-0.015630069358320287)
(-0.052655810011916722,-0.005016098273737738)
(-0.053171840246529399,0.005896490975703703)
(-0.049528995520334837,0.016278605506889351)
(-0.042007074735377958,0.025341870653967761)
(-0.031193760642353414,0.032399711874239907)
(-0.017939614428423338,0.036920875196490482)
(-0.003291543985462228,0.038571065486581270)
(0.011590038299231895,0.037239289001922922)
(0.025523759447583581,0.033046684923820395)
(0.037402063619793098,0.026337024492221573)
(0.046280508197468352,0.017649532894533814)
(0.051454253420856300,0.007676126611418860)
(0.052515422857184017,-0.002793562274990761)
(0.049386546744281751,-0.012934991022282790)
(0.042327243390304956,-0.021954297345864564)
(0.031913485595146569,-0.029151384983028428)
(0.018991057677003192,-0.033975397560680833)
(0.004606945515238284,-0.036068081789785669)
(-0.010075762411867171,-0.035291521593654687)
(-0.023872505755206039,-0.031737998979209106)
(-0.035673651953459298,-0.025721200409121476)
(-0.044534739610907301,-0.017749517935760590)
(-0.049753136896655732,-0.008483665083986767)
(-0.050924801935979334,0.001317884302721299)
(-0.047976475040099137,0.010861128029415076)
(-0.041170666182198945,0.019381307888503486)
(-0.031083055726223528,0.026204893812675819)
(0.049237348728073643,-0.009578746291066264)
(0.048932841392647815,-0.020221641746411605)
(0.046495045641972176,-0.029973751909291850)
(0.041813290862144400,-0.038347719739087863)
(0.034916609062041498,-0.044896881516708224)
(0.025988700181501841,-0.049245158787655216)
(0.015371366578664940,-0.051114815871230339)
(0.003555090376793070,-0.050350033943052153)
(-0.008843531105457183,-0.046934357808349127)
(-0.021116640406860204,-0.041000333746120644)
(-0.032510280151525739,-0.032830071702348855)
(-0.042276843424331391,-0.022846014734686899)
(-0.049730971380228028,-0.011591851858076051)
(-0.054304513661210661,0.000295775561766013)
(-0.055595975239947033,0.012123400972702503)
(-0.053410066082817217,0.023182646371088099)
(-0.047783550261362405,0.032795308431443897)
(-0.038994527445727761,0.040358596633497994)
(-0.027553507873799257,0.045387302533763760)
(-0.014176069187283256,0.047549715533804784)
(0.000261604217606072,0.046694386612714606)
(0.014781527858224962,0.042865370703033881)
(0.028372996932136345,0.036304323036833730)
(0.040066852416744056,0.027438737402351174)
(0.049009218302113203,0.016856630429243038)
(0.054528819786358741,0.005269018990338036)
(0.056192302073535434,-0.006537475644505970)
(0.053842754630227453,-0.017754715972082086)
(0.047617855820551315,-0.027610015062955247)
(0.037945599133916944,-0.035421811069222271)
(0.025517324634653591,-0.040649837346651500)
(0.011239615702087235,-0.042935867078655501)
(-0.003831620794300583,-0.042131723303738600)
(-0.018570042815130899,-0.038312140017634583)
(-0.031864714325758624,-0.031771174284205297)
(-0.042706185147640935,-0.023002119297410587)
(-0.050265935156419188,-0.012662156287823804)
(-0.053962711963051385,-0.001524205070021527)
(-0.053510236322018012,0.009580512648126815)
(-0.048942168000135164,0.019824886700234006)
(-0.040612007119110644,0.028448530966447706)
(-0.029167609739152167,0.034815724861504777)
(-0.015502058218704515,0.038464111487502166)
(-0.000684575648647915,0.039140251345602631)
(0.014123154708682577,0.036819126984573528)
(0.027758652711855458,0.031705939549685133)
(0.039150953809573161,0.024219934622803967)
(0.047406112444030993,0.014961429570106021)
(0.051878927252429277,0.004664570469840229)
(0.052224987627483767,-0.005860488884090699)
(0.048428706223583223,-0.015791418416555594)
(0.040804937587986367,-0.024358475680200848)
(0.029973931237661761,-0.030905023859625774)
(0.016811551003159286,-0.034938946977841195)
(0.002378729789364540,-0.036170825584975176)
(-0.012164150505206616,-0.034535798413684697)
(-0.025651005425051603,-0.030197354106353824)
(-0.037004282611796162,-0.023532764556656441)
(-0.045321986078845557,-0.015101366977865929)
(-0.049950367891934591,-0.005598301814190660)
(-0.050536332561740928,0.004202498271358648)
(-0.047055262693927936,0.013511395987398082)
(-0.039811996122447804,0.021587048632592157)
(-0.029414897175127894,0.027796087492837671)
(0.046578619715747435,-0.025916050105426275)
(0.043494683061934242,-0.035426083531095401)
(0.038562856199724223,-0.043585889445428599)
(0.031772170463859259,-0.049952735281522720)
(0.023238007509097797,-0.054147728072843092)
(0.013211186171461218,-0.055883447123712696)
(0.002076452443823396,-0.054987906516978310)
(-0.009660561171197605,-0.051422961587670388)
(-0.021397877523964014,-0.045295493891766223)
(-0.032472158307008420,-0.036860071301330524)
(-0.042202062169248017,-0.026512270110515823)
(-0.049937018496047134,-0.014772439133787903)
(-0.055107768661279026,-0.002260345556882583)
(-0.057274613709562799,0.010338176293165691)
(-0.056169223690965414,0.022310800062334803)
(-0.051726135261918854,0.032962163701963317)
(-0.044100686374288343,0.041658428496947841)
(-0.033671074226355596,0.047869904427567694)
(-0.021023409856301058,0.051208659101218183)
(-0.006919989404392371,0.051458211247901238)
(0.007747600455396836,0.048592824981801522)
(0.022017595064846039,0.042784550151329287)
(0.034925288500430432,0.034396960910305016)
(0.045573445274688304,0.023965476039053382)
(0.053200458408318205,0.012165133937405445)
(0.057240778032306372,-0.000232332674242646)
(0.057372540772614694,-0.012409400588596114)
(0.053548172492140216,-0.023558209905932301)
(0.046004960368075859,-0.032936666723573239)
(0.035254105084809050,-0.039921103857960841)
(0.022048452567347703,-0.044051529083890650)
(0.007330831043923622,-0.045065924093030077)
(-0.007833460184653222,-0.042920782108322647)
(-0.022335087785011209,-0.037796040694697164)
(-0.035104114989741725,-0.030083709793945274)
(-0.045191944168871324,-0.020360727511475558)
(-0.051845258441530359,-0.009347801530304990)
(-0.054565951235548110,0.002142886520413557)
(-0.053152038289711462,0.013267315979716976)
(-0.047715983363984818,0.023212161680054494)
(-0.038678626462540111,0.031255483852186072)
(-0.026738842052229018,0.036820894592622361)
(-0.012821017041018009,0.039520960452037623)
(0.001995738214275086,0.039186384393977335)
(0.016561201403858729,0.035878582683619521)
(0.029743920420121864,0.029884551544694115)
(0.040520228780765610,0.021694304368075026)
(0.048055248924997664,0.011962541941322184)
(0.051769315639544435,0.001457483125924757)
(0.051384374375465794,-0.008999172988927428)
(0.046946489695497161,-0.018596448083882479)
(0.038822511388162603,-0.026597381870752917)
(0.027671034677913597,-0.032396403611851136)
(0.014389884955510475,-0.035566207531695850)
(0.000044283080054039,-0.035890386866305198)
(-0.014218556286180590,-0.033379215338882745)
(-0.027261508238861580,-0.028267317106374992)
(-0.038048845995051553,-0.020993427119513030)
(-0.045729356117765275,-0.012163893958802689)
(-0.049704492824135249,-0.002502897189778379)
(-0.049676013580381088,0.007206568189252015)
(-0.045669209795423805,0.016186136600768751)
(-0.038029842509742104,0.023724784024337801)
(-0.027395048784929717,0.029235710372008859)
(0.041399282510084325,-0.040759284570673071)
(0.035944236719704842,-0.048750182317586030)
(0.028985559057140918,-0.055020592289545325)
(0.020594480335573782,-0.059183034445027385)
(0.010952684634352648,-0.060932876888386708)
(0.000356485312664674,-0.060073181613917337)
(-0.010788525852670542,-0.056534604323572976)
(-0.021982962308160086,-0.050388651587263286)
(-0.032658987489189148,-0.041852915918290184)
(-0.042214327394264943,-0.031287351800104772)
(-0.050052874119701760,-0.019181202124491165)
(-0.055629041649013923,-0.006130803587435323)
(-0.058492472255826003,0.007190848563332346)
(-0.058329391415839454,0.020071257543370715)
(-0.054996914485015119,0.031800208963781072)
(-0.048546937776024236,0.041713621912252828)
(-0.039236890166775437,0.049236597332006783)
(-0.027525540545001892,0.053922673712236191)
(-0.014053186267759064,0.055486392715738166)
(0.000393198522057622,0.053826590360794187)
(0.014928000567461972,0.049038353407374266)
(0.028625149015886170,0.041412288874984285)
(0.040582404441630616,0.031420603849367471)
(0.049987013047211440,0.019690425577688523)
(0.056177639543577913,0.006965740733821288)
(0.058697555273807087,-0.005939775205766711)
(0.057334540634203845,-0.018196004742794050)
(0.052143839358957882,-0.029012110039884739)
(0.043451718496071073,-0.037690809740110492)
(0.031838652575051883,-0.043677258036055690)
(0.018102749808786261,-0.046598840482649583)
(0.003205643049573822,-0.046292760500989530)
(-0.011795455253540994,-0.042819109667738567)
(-0.025824613937249892,-0.036458139022481892)
(-0.037867183906285309,-0.027691604307076276)
(-0.047046754091641281,-0.017169258412664520)
(-0.052692962521824198,-0.005662715748221050)
(-0.054394646671618807,0.005990077077795034)
(-0.052033865294102900,0.016945746307329399)
(-0.045797760195787476,0.026417265008653320)
(-0.036166940933969251,0.033731941700700936)
(-0.023880932479202373,0.038381183458269193)
(-0.009883074967140242,0.040058160338217970)
(0.004751047115942022,0.038680380237975369)
(0.018896183946705666,0.034395316626645016)
(0.031464582948452328,0.027568529877216842)
(0.041490857110922055,0.018755084821064812)
(0.048207782257197282,0.008656384106817211)
(0.051106901401783658,-0.001934297887588300)
(0.049978976604266798,-0.012193378759689030)
(0.044930908828102543,-0.021330836117772443)
(0.036377618827225726,-0.028651372861405039)
(0.025009395720196059,-0.033608058279930644)
(0.011737209960800755,-0.035844197959885415)
(-0.002379710567977963,-0.035220105911733697)
(-0.016218278981624489,-0.031822647058668774)
(-0.028681158265176029,-0.025956792262876258)
(-0.038784362758447044,-0.018119870694874092)
(-0.045735769739179463,-0.008960598227146191)
(-0.048998175296743517,0.000773808649825227)
(-0.048331770671503307,0.010298157849038097)
(-0.043812582315934392,0.018852549394167376)
(-0.035825375031443743,0.025763266702416725)
(-0.025031601883992709,0.030496367245051840)
(0.033918125405140935,-0.053154720614191832)
(0.026623946623959990,-0.059344675348715341)
(0.018208070384537207,-0.063546187690994502)
(0.008804604524914260,-0.065434024377832412)
(-0.001359569549269030,-0.064780318410837270)
(-0.011964507709751240,-0.061476270777851991)
(-0.022605274612966058,-0.055547900121267625)
(-0.032808719650297406,-0.047164349492891292)
(-0.042058514088273630,-0.036637655083649454)
(-0.049827193286455532,-0.024413385633047010)
(-0.055613183632136652,-0.011052145627136124)
(-0.058980152734096541,0.002797435555601267)
(-0.059595571197538062,0.016432975108627471)
(-0.057265169233518882,0.029138028093754573)
(-0.051960046539894215,0.040224861057402826)
(-0.043833561012479247,0.049077607823036919)
(-0.033225766869826645,0.055192915420410688)
(-0.020654055879716412,0.058215193243479790)
(-0.006789713225276352,0.057963793714428370)
(0.007578750187705241,0.054449875667498829)
(0.021593479389935836,0.047881313755661570)
(0.034383315642652332,0.038654783849988640)
(0.045124091985278482,0.027335026760413016)
(0.053098713340187564,0.014622210441803309)
(0.057752326455487779,0.001309206745740362)
(0.058738039914573423,-0.011768596872909909)
(0.055949192892272175,-0.023787683778003048)
(0.049535065006207198,-0.033991294526676284)
(0.039898108554345592,-0.041740942372332279)
(0.027672181032495927,-0.046560798078622255)
(0.013682751367956290,-0.048171582635223309)
(-0.001108473404002233,-0.046511273373547136)
(-0.015670726902664679,-0.041740823308752527)
(-0.028978327541924705,-0.034234154378819145)
(-0.040086240763422966,-0.024552835994700206)
(-0.048201233671447657,-0.013407014235316875)
(-0.052742982901710964,-0.001605223976942085)
(-0.053390146084589293,0.010003390079297382)
(-0.050107478946519332,0.020590272421212120)
(-0.043151496599328182,0.029407565932212693)
(-0.033053830724816380,0.035842623827403483)
(-0.020583193582982766,0.039462768838181610)
(-0.006688582590314376,0.040046826252943903)
(0.007572096930080961,0.037600923017024439)
(0.021112578943917118,0.032357223585883603)
(0.032901724659565479,0.024755575171838500)
(0.042043396416933519,0.015409359048779121)
(0.047846363816019463,0.005058085424375944)
(0.049878608142734863,-0.005489673509954320)
(0.048001578129076267,-0.015418631887106914)
(0.042381513281038813,-0.023969591741097258)
(0.033476766862204715,-0.030497800934394147)
(0.022001982946861579,-0.034522290835514703)
(0.008871853907974524,-0.035762305398239429)
(-0.004871148200593325,-0.034157937965856915)
(-0.018139349815258343,-0.029873335216530211)
(-0.029886179923202208,-0.023282210774551719)
(-0.039189280380790031,-0.014936823198681767)
(-0.045323729742897147,-0.005522899873513158)
(-0.047819462810871807,0.004195878759410804)
(-0.046498230725821654,0.013439374757517868)
(-0.041487095403548710,0.021473520898588123)
(-0.033207353407248730,0.027668847176320018)
(-0.022339782268167751,0.031550293046273895)
(0.024510584838567363,-0.062280495273091520)
(0.016000944682192951,-0.066506968320196702)
(0.006767291114868411,-0.068587041225372097)
(-0.003013646880150049,-0.068261054147725708)
(-0.013091060062658049,-0.065376559597028316)
(-0.023142612395520224,-0.059906692164972186)
(-0.032784132177789367,-0.051961851622851350)
(-0.041586587348853031,-0.041793422189984206)
(-0.049099797747655514,-0.029788706817226673)
(-0.054881631331100342,-0.016456802305635516)
(-0.058530780066188053,-0.002405746556002255)
(-0.059720680204254709,0.011688106089521259)
(-0.058231789715897347,0.025116925406161887)
(-0.053979308702899312,0.037182375671707346)
(-0.047033554594492252,0.047238213295094728)
(-0.037630589361641723,0.054731744459335735)
(-0.026171324028172065,0.059241292431888165)
(-0.013208156564726606,0.060506940668195383)
(0.000580827693491535,0.058452138081937277)
(0.014429025448307788,0.053194265846434725)
(0.027527770008621659,0.045042944361106119)
(0.039079080797275144,0.034485663684458566)
(0.048351008306121657,0.022161197763282545)
(0.054731434207441962,0.008822150386570865)
(0.057776066328537004,-0.004711187232715163)
(0.057246596025044207,-0.017602776604156576)
(0.053135559337028196,-0.029055149451759136)
(0.045675331427723037,-0.038362382260071354)
(0.035329825994667614,-0.044957970897783639)
(0.022768783042207974,-0.048454089348622588)
(0.008825907044977158,-0.048669228705933598)
(-0.005556549274902277,-0.045641967719990080)
(-0.019392985464255351,-0.039629575917545387)
(-0.031724755172487365,-0.031091228917667045)
(-0.041690320655615655,-0.020656744550558707)
(-0.048589851718916700,-0.009082842277327320)
(-0.051939133999556096,0.002800098613501121)
(-0.051508348462200329,0.014147033745489306)
(-0.047342360094885759,0.024158746430726866)
(-0.039760531310081199,0.032139390175686983)
(-0.029335649382728535,0.037546775931938149)
(-0.016853203127673758,0.040031576553272274)
(-0.003253828526811433,0.039462403158218834)
(0.010436865334442508,0.035934740673351145)
(0.023185798315018026,0.029762936904637625)
(0.034031283619973471,0.021455729421987868)
(0.042157084720536690,0.011677066996302193)
(0.046955785980988686,0.001195136200088263)
(0.048076369295990316,-0.009176554543714766)
(0.045452084995774106,-0.018641530030572510)
(0.039306234652385773,-0.026481334721145128)
(0.030135225714971396,-0.032110414641858979)
(0.018670073180094345,-0.035120606088736982)
(0.005819263836425156,-0.035311734141360442)
(-0.007402579629883691,-0.032705900591591217)
(-0.019954621498650679,-0.027544319048667588)
(-0.030851979718012686,-0.020266933870259810)
(-0.039243573447872708,-0.011476428952668004)
(-0.044479401192977358,-0.001889481589635211)
(-0.046161823215266157,0.007720856489354559)
(-0.044176693073172665,0.016587049090922283)
(-0.038701799956151382,0.024008282831821763)
(-0.030191915024358643,0.029406084936214393)
(-0.019341631626047424,0.032369889135268864)
(0.013694985295175386,-0.067511200481296177)
(0.004646512314310029,-0.069738135730496670)
(-0.004733916252779079,-0.069772608955935192)
(-0.014247227080852841,-0.067420334319471614)
(-0.023639229214940986,-0.062599407670405657)
(-0.032604982363247798,-0.055355317396677955)
(-0.040799060630665136,-0.045868799796289578)
(-0.047851723138517308,-0.034455474940782174)
(-0.053390403389922854,-0.021556697838892473)
(-0.057065327054894817,-0.007721632776117125)
(-0.058577521785910705,0.006418830123067258)
(-0.057707050135858799,0.020185089288238603)
(-0.054339028156738120,0.032886990046229879)
(-0.048484926241210591,0.043864871113374372)
(-0.040296807229118319,0.052530906098401831)
(-0.030072542270040564,0.058407974048804788)
(-0.018250639100327523,0.061163307766655357)
(-0.005394081592254672,0.060634381347284522)
(0.007836542963935704,0.056844905494257490)
(0.020719431795936924,0.050009382118340169)
(0.032515387744546403,0.040525395601770917)
(0.042516222069424160,0.028953641163269629)
(0.050094308134447672,0.015986555191182378)
(0.054749527544044087,0.002407256080196941)
(0.056149817506657457,-0.010958736997545885)
(0.054161809721735295,-0.023295926806563616)
(0.048868640075999045,-0.033851907243991113)
(0.040572871058623665,-0.041987408700194122)
(0.029783545982844602,-0.047219736994508418)
(0.017187605558461994,-0.049256378812358240)
(0.003607147712649084,-0.048016154106603245)
(-0.010054802030202710,-0.043636119468431961)
(-0.022876321511483763,-0.036463411682063018)
(-0.033981972702003628,-0.027032298393855438)
(-0.042606648105606645,-0.016027793944081364)
(-0.048152945130835616,-0.004238219775402574)
(-0.050237474423945071,0.007500040271390312)
(-0.048722234298654472,0.018361690766662234)
(-0.043728244744085161,0.027591312766061343)
(-0.035629954207540435,0.034557465864280795)
(-0.025030409680446206,0.038798054649646904)
(-0.012718698750695093,0.040053499045226669)
(0.000387392203719477,0.038285114328194009)
(0.013309326398021173,0.033677189044121814)
(0.025081269551155340,0.026622467723478038)
(0.034823411667264388,0.017692007619526280)
(0.041809431792398169,0.007591586342670225)
(0.045522749502463579,-0.002892105829097806)
(0.045697015129028268,-0.012951435104739110)
(0.042337479503804676,-0.021819386531081723)
(0.035721362617159795,-0.028827988183500540)
(0.026376992764911456,-0.033459072346340227)
(0.015043180937449614,-0.035383413805172743)
(0.002611891372003221,-0.034485168638642878)
(-0.009941363653045314,-0.030869672002366327)
(-0.021633953400186309,-0.024853952583967782)
(-0.031553339660006667,-0.016940682443286118)
(-0.038928919471701663,-0.007777595261480935)
(-0.043192741721637978,0.001894432515686289)
(-0.044024202592604353,0.011300529492226933)
(-0.041375091895494646,0.019693507935376033)
(-0.035472932741439991,0.026413158975490375)
(-0.026802303969030924,0.030938428412887516)
(-0.016065615791540335,0.032928298033658966)
(0.002105933088725880,-0.068470257310077443)
(-0.006794652847592405,-0.068787076440601572)
(-0.015660358428327328,-0.066973367248547730)
(-0.024289171585096404,-0.062896796285809950)
(-0.032442504496108672,-0.056538074267743162)
(-0.039850401138149902,-0.048002728015544519)
(-0.046221413112866649,-0.037525500647992698)
(-0.051257078177266491,-0.025466521268498257)
(-0.054670429459277262,-0.012298910515517278)
(-0.056207459778962639,0.001411928162662443)
(-0.055670015862768027,0.015036478424178604)
(-0.052938250983244034,0.027915308714681435)
(-0.047990564634914745,0.039397350527039868)
(-0.040918936174231209,0.048879904484319933)
(-0.031937733018886083,0.055847760381322026)
(-0.021384442789927245,0.059908728521388253)
(-0.009711324073993851,0.060822979977059682)
(0.002532344092298591,0.058523886503504721)
(0.014726960171935569,0.053128526277625793)
(0.026216992978502794,0.044936654676045296)
(0.036351063030177141,0.034417691915747804)
(0.044525067117591570,0.022186102363129123)
(0.050225241055955910,0.008966376414933785)
(0.053067827063489698,-0.004450386299348603)
(0.052832049502816975,-0.017255615017610998)
(0.049483418981368460,-0.028674936284020340)
(0.043184969430979242,-0.038018879265811982)
(0.034294851186991368,-0.044729065261653128)
(0.023349698573561541,-0.048416527846424001)
(0.011034288224807950,-0.048889263541518777)
(-0.001860882955396362,-0.046166796877090625)
(-0.014491436327354584,-0.040480415650308001)
(-0.026016835623512903,-0.032258733215004297)
(-0.035659846400647600,-0.022099293530052515)
(-0.042763271175798243,-0.010727972950227201)
(-0.046839539437132503,0.001051129480293410)
(-0.047609129330477479,0.012411859091879845)
(-0.045024534826698270,0.022564252739979789)
(-0.039277519984712114,0.030810652191953312)
(-0.030788645883778640,0.036595546271675154)
(-0.020179420695278845,0.039545396283537509)
(-0.008228800880457741,0.039495384828427182)
(0.004182950993597941,0.036500961535440038)
(0.016138976361763705,0.030833173906497542)
(0.026754254006715442,0.022957984792301718)
(0.035242514087162571,0.013500997500126368)
(0.040976405298311605,0.003200139986297982)
(0.043536123711036046,-0.007150189294192538)
(0.042742542478590641,-0.016759317541700201)
(0.038672046946558680,-0.024900262171184882)
(0.031651690941795381,-0.030964864515347128)
(0.022234836240434201,-0.034509827011153266)
(0.011158994295674241,-0.035290060137073573)
(-0.000710969941463861,-0.033276707216405896)
(-0.012449907492895217,-0.028658394505407751)
(-0.023144496649350366,-0.021825559673816004)
(-0.031964711181974817,-0.013339041269233748)
(-0.038228962817202866,-0.003885359083243447)
(-0.041457698394069667,0.005777820233361869)
(-0.041411123037020305,0.014881743664982405)
(-0.038107970665577681,0.022707412068419121)
(-0.031823752999019961,0.028642372553764180)
(-0.023068566180907586,0.032228940489984412)
(-0.012546185979385328,0.033199998556645377)
(-0.009543937394557072,-0.065065405419061265)
(-0.017643794296686662,-0.063677750383476422)
(-0.025383889704269344,-0.060320138892453468)
(-0.032576979399305039,-0.054915990726361150)
(-0.039016754773605278,-0.047498259654590695)
(-0.044482999477077304,-0.038218213676586413)
(-0.048750232204029784,-0.027346859997836800)
(-0.051599745485825840,-0.015268347062201815)
(-0.052834534481868728,-0.002465212137621261)
(-0.052296198672515788,0.010504077165708708)
(-0.049882536655288759,0.023034255547921087)
(-0.045564281927830422,0.034507490559131646)
(-0.039399281726618801,0.044330671930664776)
(-0.031542427978011621,0.051973378299075425)
(-0.022249822477246037,0.057003950420709798)
(-0.011875995651262123,0.059121086088649674)
(-0.000863481837180391,0.058178544745428926)
(0.010275349197661510,0.054200906971648838)
(0.020983640974477621,0.047388859424763612)
(0.030691340737537778,0.038113139678483586)
(0.038850567606166585,0.026897035994779515)
(0.044972678846249822,0.014388143018530270)
(0.048664303304021800,0.001320868229746581)
(0.049659466972814918,-0.011528093858593890)
(0.047845026031448551,-0.023388509503658769)
(0.043276955403989389,-0.033546351179546179)
(0.036185602825513218,-0.041391120471995287)
(0.026968775462279205,-0.046457374986865779)
(0.016172425199266420,-0.048457382142058969)
(0.004459671357718851,-0.047302356726140429)
(-0.007430132575339578,-0.043110480261225499)
(-0.018729700632749306,-0.036200800727098956)
(-0.028696181296052982,-0.027073109080049593)
(-0.036663804404876058,-0.016374912241454310)
(-0.042092825490755298,-0.004857594099925006)
(-0.044610901786586360,0.006675299069271465)
(-0.044043468957818938,0.017424063040048052)
(-0.040430417515868650,0.026649146146968825)
(-0.034027344229236652,0.033723673375753230)
(-0.025290805377264081,0.038178288901176534)
(-0.014848236834166931,0.039734918755907039)
(-0.003454431835721361,0.038326821320061641)
(0.008062420274262745,0.034103276283606085)
(0.018861226865773524,0.027418391925750008)
(0.028150493457641639,0.018804701853200292)
(0.035248042585416632,0.008933384558997122)
(0.039633269302226562,-0.001436018837051696)
(0.040987742154006516,-0.011512675326860610)
(0.039220796514438896,-0.020534041484867260)
(0.034477893069210390,-0.027823436457067585)
(0.027130842177679321,-0.032841193471161559)
(0.017750420354580916,-0.035225428348513908)
(0.007063313493338386,-0.034819230255795239)
(-0.004103402847358315,-0.031682106281145157)
(-0.014885999448093558,-0.026084719948418451)
(-0.024451090873096278,-0.018487261214219321)
(-0.032060622451592385,-0.009503069937374781)
(-0.037129680618355712,0.000149696123211918)
(-0.039272486004499257,0.009704598639737881)
(-0.038332836325254804,0.018407241133023250)
(-0.034396485943568991,0.025574631877774472)
(-0.027784384356189240,0.030648893656429945)
(-0.019027231133611832,0.033241052600326455)
(-0.008823314899540871,0.033161408426564315)
(-0.020511485079478396,-0.057503823999858338)
(-0.027233557925158365,-0.054716625620817930)
(-0.033325949463454421,-0.050204530558473785)
(-0.038631466757184374,-0.043938292039223961)
(-0.042989825442840822,-0.035990995169358324)
(-0.046241979883630040,-0.026544195921318917)
(-0.048236827114778051,-0.015886928571956567)
(-0.048840215600067391,-0.004407085717787857)
(-0.047945860630046230,0.007424791479352481)
(-0.045487442557282813,0.019078711117206989)
(-0.041450878453982418,0.029994260715880378)
(-0.035885547273358714,0.039613812047425076)
(-0.028913143213165817,0.047417833676367815)
(-0.020732853290786581,0.052959963516082155)
(-0.011621713545745359,0.055899369764585538)
(-0.001929291232073519,0.056027979484427962)
(0.007933748282010997,0.053290385727956746)
(0.017513130467228754,0.047794649091665781)
(0.026333906904840769,0.039812767056790266)
(0.033927675702538101,0.029770260957631720)
(0.039862424299896462,0.018225081668041137)
(0.043772931124461525,0.005836808894071488)
(0.045389407611688498,-0.006672141307216790)
(0.044561987766963171,-0.018560937396396582)
(0.041278799376535488,-0.029117513244572589)
(0.035675682929844459,-0.037705323968191082)
(0.028036146824678993,-0.043806395419140678)
(0.018780828033461927,-0.047057527302025316)
(0.008446517590314079,-0.047276888196481417)
(-0.002344351102746244,-0.044478837548879421)
(-0.012922034978962483,-0.038875588852386171)
(-0.022613192143801805,-0.030865238123801937)
(-0.030786959636134724,-0.021006658605409952)
(-0.036900033636399709,-0.009982734864932015)
(-0.040537290468006491,0.001445696787591759)
(-0.041444666691084694,0.012492090039600310)
(-0.039551471991344282,0.022398967148233622)
(-0.034980014185801697,0.030491313538561646)
(-0.028041323905549830,0.036224679524306483)
(-0.019216810619439962,0.039224387210447860)
(-0.009126780715362276,0.039312827589152624)
(0.001512186308305112,0.036522662392635942)
(0.011938064974391122,0.031094759949938072)
(0.021398737968624116,0.023460820492155633)
(0.029207735558562632,0.014211799660344417)
(0.034796072422071077,0.004054330609038983)
(0.037756088894448134,-0.006241711143448847)
(0.037873733432413549,-0.015900636772704677)
(0.035146553588402484,-0.024199069916291921)
(0.029785733798530341,-0.030520363048611152)
(0.022201748036444566,-0.034401129140401450)
(0.012974486869792863,-0.035566271861342001)
(0.002809967255547035,-0.033949745798835571)
(-0.007513163689528719,-0.029699354070658580)
(-0.017203256002264779,-0.023165113070018298)
(-0.025516791143526132,-0.014871988533649046)
(-0.031816215093470872,-0.005479033528791764)
(-0.035619864588491174,0.004271960619933630)
(-0.036639959288420731,0.013614342772493099)
(-0.034805545348223679,0.021816509521560893)
(-0.030268452576808914,0.028239150045688007)
(-0.023391674970293215,0.032385315317170003)
(-0.014720994318285805,0.033939337751383976)
(-0.004942023636374500,0.032791487252461442)
(-0.030076432139695779,-0.046284929679775585)
(-0.034956246932248698,-0.042478961516482269)
(-0.039000111753040932,-0.037259639335132835)
(-0.042093157528087385,-0.030635045073229852)
(-0.044131468462164827,-0.022705301210489290)
(-0.045024948474569310,-0.013666495083368636)
(-0.044701537873495956,-0.003807872529283291)
(-0.043112770503073439,0.006498046236982743)
(-0.040240414166258169,0.016812256694916525)
(-0.036103689386359328,0.026652256297104836)
(-0.030766343229479451,0.035520000423317884)
(-0.024342694686536055,0.042933146505398020)
(-0.017001690628121287,0.048457549832456120)
(-0.008968034270328834,0.051738752148677250)
(-0.000519579840353051,0.052530138601638972)
(0.008019574637693677,0.050715543497520818)
(0.016290533418805493,0.046324362030831782)
(0.023915425292712622,0.039537662034297594)
(0.030517004405789031,0.030684362388208888)
(0.035741001465554902,0.020227216977763213)
(0.039279813433042605,0.008739069478352844)
(0.040895824379939216,-0.003129427181985932)
(0.040442479308777937,-0.014688756838817079)
(0.037881213685147026,-0.025253711786846128)
(0.033292489302103420,-0.034187934428811587)
(0.026879502558524608,-0.040946749785844408)
(0.018963599530838270,-0.045115204600615910)
(0.009971023559370878,-0.046438451892094536)
(0.000411292435915817,-0.044842064332363700)
(-0.009151799445481132,-0.040440501500195465)
(-0.018134892397849860,-0.033532754515191186)
(-0.025973250310627641,-0.024585092592763643)
(-0.032159764101727203,-0.014201775365263101)
(-0.036281872624632734,-0.003085502524941370)
(-0.038053494103021529,0.008009821706860987)
(-0.037339289363723181,0.018330792572636003)
(-0.034169038113750189,0.027177042538962241)
(-0.028740574753138636,0.033950820665629051)
(-0.021410555312442937,0.038199944923256422)
(-0.012673250821238994,0.039650862547839442)
(-0.003128512339396154,0.038229214961706198)
(0.006559048778051346,0.034066179549616660)
(0.015706851735279637,0.027489889205596946)
(0.023663721718732968,0.019002336819994279)
(0.029858142536766087,0.009243272266153396)
(0.033841646153046717,-0.001056391384887680)
(0.035323866449036880,-0.011128308231668611)
(0.034196340837234787,-0.020223615613820901)
(0.030542951678461466,-0.027668780921751717)
(0.024635901012179249,-0.032916142679445114)
(0.016917230158466006,-0.035585255724965695)
(0.007967041647457894,-0.035491803772440496)
(-0.001539338705152099,-0.032661757868195515)
(-0.010882097270713232,-0.027329569144036850)
(-0.019351714297350265,-0.019920404912907235)
(-0.026303548772996059,-0.011017674220399660)
(-0.031207927500475293,-0.001318245090695554)
(-0.033691730655036389,0.008421261746388577)
(-0.033568087168728326,0.017442989234079311)
(-0.030851699114496901,0.025046643707376109)
(-0.025758435237866476,0.030643990183707261)
(-0.018689081185612841,0.033804756202690620)
(-0.010198407106875133,0.034290300199772042)
(-0.000951907738820186,0.032072338431357469)
